interaction_id,taskid,userid,completion,like
0,0,0,0,0
1,2,0,1,0
2,4,0,0,0
3,7,0,0,0
4,8,0,1,0
5,10,0,0,1
6,16,0,0,1
7,18,0,0,1
8,19,0,0,1
9,20,0,0,1
10,21,0,0,0
11,23,0,1,1
12,25,0,1,0
13,26,0,1,0
14,27,0,1,0
15,29,0,1,0
16,30,0,0,1
17,32,0,0,0
18,33,0,1,0
19,35,0,0,1
20,36,0,0,0
21,38,0,0,0
22,39,0,1,1
23,41,0,0,1
24,42,0,0,0
25,44,0,1,0
26,45,0,1,1
27,48,0,1,1
28,49,0,1,1
29,50,0,0,0
30,51,0,0,1
31,52,0,0,1
32,53,0,0,1
33,56,0,0,1
34,58,0,0,0
35,59,0,1,1
36,60,0,0,0
37,62,0,0,0
38,63,0,1,1
39,64,0,0,0
40,65,0,0,0
41,66,0,0,1
42,67,0,0,0
43,68,0,1,0
44,72,0,1,1
45,75,0,1,1
46,77,0,0,0
47,79,0,0,1
48,81,0,1,0
49,83,0,0,0
50,84,0,1,0
51,85,0,1,0
52,87,0,0,1
53,88,0,0,0
54,89,0,0,1
55,91,0,0,0
56,92,0,0,1
57,93,0,0,1
58,95,0,0,0
59,96,0,0,1
60,97,0,0,0
61,0,1,1,1
62,1,1,0,1
63,2,1,0,0
64,4,1,0,0
65,5,1,0,1
66,7,1,1,1
67,8,1,0,0
68,9,1,1,0
69,10,1,0,0
70,11,1,0,0
71,12,1,0,0
72,13,1,0,1
73,14,1,0,1
74,15,1,1,0
75,16,1,0,1
76,17,1,0,1
77,21,1,1,0
78,22,1,1,0
79,23,1,0,0
80,24,1,1,0
81,26,1,0,1
82,27,1,0,0
83,28,1,0,0
84,30,1,1,1
85,33,1,1,0
86,35,1,1,1
87,37,1,0,0
88,41,1,1,1
89,42,1,1,0
90,43,1,0,1
91,44,1,0,0
92,45,1,0,0
93,48,1,0,1
94,49,1,0,0
95,52,1,0,0
96,54,1,1,0
97,57,1,0,0
98,61,1,0,1
99,62,1,0,0
100,63,1,0,0
101,64,1,0,0
102,65,1,0,1
103,66,1,0,1
104,67,1,0,0
105,68,1,0,1
106,72,1,0,0
107,73,1,0,0
108,76,1,0,1
109,77,1,0,1
110,78,1,0,1
111,79,1,1,1
112,80,1,1,0
113,81,1,0,0
114,84,1,1,1
115,85,1,0,0
116,88,1,1,1
117,93,1,1,1
118,94,1,0,0
119,97,1,1,1
120,2,2,1,0
121,3,2,0,1
122,4,2,1,1
123,5,2,1,1
124,8,2,0,1
125,9,2,0,0
126,14,2,1,1
127,16,2,1,1
128,17,2,0,0
129,18,2,0,0
130,19,2,1,1
131,22,2,1,0
132,24,2,0,0
133,26,2,0,0
134,27,2,0,0
135,30,2,1,1
136,32,2,1,1
137,33,2,0,1
138,35,2,0,1
139,36,2,0,1
140,37,2,1,1
141,38,2,1,1
142,39,2,0,0
143,41,2,1,0
144,42,2,0,1
145,46,2,1,1
146,49,2,1,0
147,51,2,1,0
148,52,2,1,1
149,54,2,1,0
150,55,2,0,1
151,57,2,1,1
152,58,2,1,1
153,59,2,0,1
154,60,2,0,1
155,61,2,0,0
156,64,2,0,0
157,65,2,1,1
158,66,2,1,1
159,67,2,1,1
160,69,2,0,1
161,70,2,0,0
162,71,2,0,0
163,72,2,0,0
164,74,2,0,0
165,75,2,0,1
166,76,2,0,1
167,77,2,0,0
168,80,2,1,1
169,81,2,1,1
170,84,2,0,0
171,86,2,0,0
172,87,2,0,0
173,88,2,0,0
174,89,2,0,0
175,90,2,0,0
176,95,2,1,1
177,97,2,0,0
178,0,3,0,1
179,3,3,0,1
180,5,3,1,0
181,8,3,0,0
182,9,3,0,0
183,10,3,0,1
184,11,3,0,0
185,12,3,1,1
186,13,3,0,0
187,14,3,1,1
188,15,3,1,1
189,16,3,1,1
190,18,3,0,1
191,19,3,1,0
192,24,3,0,0
193,27,3,0,1
194,29,3,1,0
195,30,3,1,0
196,31,3,0,0
197,32,3,1,1
198,33,3,0,0
199,34,3,0,1
200,37,3,1,1
201,39,3,0,1
202,41,3,1,0
203,42,3,1,1
204,44,3,1,1
205,47,3,1,0
206,48,3,1,0
207,49,3,1,1
208,50,3,0,0
209,51,3,0,0
210,53,3,1,1
211,54,3,0,0
212,56,3,1,0
213,58,3,1,0
214,61,3,0,1
215,62,3,1,0
216,64,3,0,0
217,67,3,0,1
218,68,3,1,0
219,69,3,1,0
220,70,3,0,1
221,71,3,1,1
222,72,3,1,1
223,73,3,1,0
224,76,3,0,1
225,77,3,1,1
226,78,3,0,1
227,79,3,1,1
228,80,3,1,0
229,81,3,1,0
230,82,3,1,1
231,85,3,1,1
232,86,3,0,0
233,89,3,1,0
234,93,3,0,0
235,94,3,1,1
236,0,4,1,1
237,1,4,0,0
238,2,4,1,0
239,3,4,0,0
240,6,4,0,0
241,7,4,1,1
242,8,4,0,1
243,9,4,0,1
244,10,4,1,1
245,11,4,1,1
246,12,4,1,1
247,13,4,1,0
248,14,4,1,1
249,15,4,1,1
250,17,4,0,0
251,18,4,1,0
252,19,4,1,1
253,20,4,1,1
254,22,4,0,0
255,23,4,1,0
256,24,4,0,0
257,25,4,0,0
258,26,4,0,0
259,27,4,0,0
260,28,4,0,0
261,29,4,1,1
262,30,4,1,0
263,31,4,0,1
264,32,4,1,1
265,34,4,0,1
266,35,4,0,0
267,36,4,0,0
268,37,4,1,1
269,38,4,1,1
270,41,4,0,0
271,42,4,1,0
272,43,4,1,1
273,44,4,1,0
274,45,4,0,1
275,46,4,0,1
276,47,4,0,0
277,48,4,1,0
278,49,4,1,1
279,50,4,0,1
280,53,4,1,0
281,54,4,0,0
282,55,4,0,0
283,56,4,1,1
284,57,4,1,0
285,58,4,0,0
286,59,4,0,0
287,60,4,0,0
288,62,4,0,1
289,66,4,1,1
290,67,4,1,0
291,72,4,1,0
292,73,4,1,0
293,74,4,1,1
294,76,4,0,1
295,77,4,1,0
296,79,4,1,1
297,84,4,0,1
298,85,4,0,1
299,86,4,0,0
300,89,4,0,0
301,90,4,0,0
302,91,4,0,0
303,93,4,1,1
304,94,4,0,1
305,96,4,1,0
306,97,4,0,1
307,2,5,0,0
308,3,5,0,0
309,6,5,1,1
310,7,5,0,0
311,8,5,0,0
312,9,5,1,1
313,11,5,0,0
314,12,5,1,0
315,13,5,1,1
316,14,5,0,0
317,15,5,0,0
318,16,5,1,0
319,17,5,0,1
320,18,5,0,0
321,20,5,0,0
322,21,5,0,1
323,23,5,1,1
324,24,5,1,1
325,26,5,0,0
326,27,5,0,1
327,28,5,0,1
328,29,5,1,0
329,30,5,0,0
330,31,5,1,0
331,32,5,1,1
332,33,5,1,0
333,36,5,0,1
334,39,5,0,1
335,40,5,1,0
336,41,5,0,0
337,42,5,1,0
338,43,5,0,0
339,47,5,1,0
340,48,5,0,0
341,49,5,1,1
342,50,5,1,0
343,53,5,1,1
344,54,5,0,1
345,55,5,0,1
346,57,5,0,0
347,60,5,0,1
348,61,5,0,0
349,63,5,1,0
350,64,5,1,0
351,67,5,0,0
352,68,5,1,1
353,69,5,1,0
354,70,5,1,1
355,71,5,0,1
356,72,5,1,1
357,74,5,1,0
358,76,5,1,0
359,77,5,0,0
360,78,5,0,0
361,79,5,0,0
362,81,5,0,1
363,82,5,0,0
364,83,5,1,1
365,84,5,1,0
366,86,5,0,0
367,88,5,1,0
368,89,5,1,1
369,90,5,1,1
370,91,5,1,1
371,92,5,0,1
372,93,5,0,0
373,94,5,0,0
374,95,5,1,1
375,97,5,1,1
376,1,6,0,0
377,3,6,1,0
378,5,6,1,1
379,7,6,1,0
380,8,6,0,1
381,9,6,0,0
382,11,6,1,0
383,13,6,0,1
384,15,6,1,1
385,16,6,0,1
386,19,6,1,0
387,20,6,0,0
388,22,6,1,0
389,23,6,0,1
390,24,6,1,0
391,25,6,1,0
392,26,6,0,0
393,27,6,0,0
394,28,6,1,0
395,30,6,0,0
396,34,6,0,1
397,36,6,0,1
398,38,6,0,0
399,39,6,0,1
400,41,6,0,1
401,42,6,1,0
402,43,6,0,1
403,44,6,0,0
404,48,6,1,0
405,49,6,1,1
406,50,6,0,1
407,51,6,0,0
408,53,6,0,1
409,56,6,1,1
410,57,6,0,1
411,58,6,1,0
412,59,6,1,0
413,63,6,1,0
414,65,6,1,1
415,72,6,1,1
416,74,6,0,1
417,75,6,1,1
418,76,6,0,1
419,77,6,0,0
420,78,6,1,0
421,79,6,1,1
422,80,6,0,1
423,83,6,0,0
424,84,6,0,1
425,85,6,1,0
426,86,6,0,0
427,87,6,0,0
428,89,6,0,0
429,91,6,1,0
430,92,6,0,0
431,95,6,0,0
432,96,6,1,0
433,97,6,0,1
434,0,7,0,0
435,1,7,0,1
436,2,7,1,0
437,3,7,0,0
438,4,7,0,0
439,5,7,0,0
440,7,7,0,0
441,9,7,1,0
442,10,7,0,0
443,11,7,1,0
444,12,7,0,1
445,13,7,0,0
446,14,7,0,1
447,15,7,0,0
448,16,7,0,0
449,18,7,1,0
450,20,7,0,0
451,21,7,0,1
452,22,7,0,0
453,23,7,1,1
454,24,7,1,1
455,25,7,0,1
456,26,7,1,1
457,27,7,1,1
458,29,7,0,0
459,30,7,0,0
460,32,7,0,1
461,33,7,0,0
462,35,7,0,1
463,36,7,1,0
464,37,7,0,1
465,38,7,0,1
466,39,7,1,1
467,40,7,0,1
468,42,7,0,0
469,46,7,1,1
470,48,7,0,1
471,51,7,0,1
472,52,7,1,1
473,53,7,0,1
474,54,7,1,0
475,55,7,0,1
476,56,7,0,1
477,58,7,0,0
478,59,7,1,1
479,60,7,0,0
480,61,7,0,0
481,62,7,1,0
482,63,7,0,0
483,65,7,0,0
484,66,7,0,1
485,67,7,1,1
486,68,7,0,1
487,70,7,0,1
488,71,7,1,1
489,73,7,0,1
490,74,7,0,0
491,75,7,1,0
492,76,7,1,0
493,79,7,0,1
494,80,7,0,1
495,82,7,0,1
496,83,7,0,0
497,84,7,1,1
498,86,7,0,1
499,89,7,0,1
500,94,7,1,1
501,95,7,0,0
502,0,8,1,0
503,2,8,1,0
504,3,8,1,1
505,4,8,0,0
506,5,8,0,1
507,7,8,1,1
508,8,8,1,0
509,10,8,1,1
510,12,8,1,0
511,15,8,1,1
512,18,8,0,1
513,19,8,0,1
514,20,8,1,1
515,22,8,0,0
516,23,8,0,0
517,24,8,0,1
518,25,8,1,1
519,26,8,1,0
520,27,8,0,0
521,30,8,0,1
522,31,8,0,0
523,32,8,1,0
524,33,8,0,0
525,34,8,0,0
526,35,8,0,1
527,36,8,0,0
528,38,8,1,0
529,40,8,0,0
530,42,8,0,1
531,44,8,0,0
532,45,8,0,0
533,46,8,0,0
534,49,8,0,1
535,50,8,0,0
536,51,8,0,0
537,52,8,0,0
538,53,8,1,0
539,54,8,0,0
540,57,8,1,0
541,60,8,0,0
542,61,8,1,1
543,62,8,0,1
544,63,8,1,1
545,64,8,0,0
546,65,8,0,0
547,66,8,1,1
548,67,8,1,0
549,68,8,0,0
550,72,8,1,0
551,74,8,1,0
552,75,8,0,0
553,77,8,0,0
554,79,8,1,1
555,84,8,0,0
556,86,8,1,0
557,88,8,0,0
558,89,8,0,0
559,90,8,0,0
560,91,8,0,0
561,92,8,0,0
562,94,8,0,0
563,95,8,1,1
564,96,8,0,0
565,97,8,1,1
566,0,9,1,0
567,1,9,1,1
568,2,9,1,1
569,3,9,0,0
570,4,9,0,0
571,5,9,0,1
572,7,9,0,0
573,8,9,0,1
574,9,9,1,0
575,10,9,0,0
576,11,9,0,0
577,12,9,1,1
578,13,9,0,1
579,14,9,0,0
580,15,9,0,0
581,17,9,1,0
582,18,9,1,1
583,23,9,1,0
584,24,9,1,0
585,26,9,1,0
586,28,9,0,0
587,29,9,0,0
588,32,9,0,0
589,35,9,0,0
590,37,9,0,0
591,38,9,0,0
592,39,9,1,1
593,41,9,0,0
594,42,9,0,0
595,45,9,1,1
596,47,9,0,0
597,49,9,0,1
598,50,9,1,0
599,52,9,1,1
600,54,9,0,0
601,55,9,1,0
602,60,9,0,1
603,61,9,0,0
604,63,9,0,0
605,66,9,0,0
606,68,9,0,0
607,69,9,0,0
608,72,9,0,1
609,73,9,0,0
610,74,9,1,0
611,76,9,1,0
612,77,9,0,0
613,80,9,0,0
614,81,9,1,1
615,82,9,0,0
616,83,9,0,0
617,84,9,1,0
618,85,9,1,1
619,86,9,1,1
620,87,9,1,0
621,88,9,0,0
622,89,9,0,0
623,90,9,0,0
624,91,9,0,0
625,92,9,0,1
626,93,9,0,1
627,94,9,1,1
628,96,9,1,0
629,0,10,0,1
630,4,10,1,0
631,6,10,0,0
632,8,10,1,1
633,9,10,0,1
634,13,10,0,0
635,14,10,0,1
636,15,10,0,1
637,17,10,1,0
638,18,10,1,0
639,19,10,0,0
640,24,10,0,1
641,26,10,1,1
642,27,10,0,1
643,28,10,1,1
644,31,10,1,0
645,32,10,0,0
646,35,10,0,1
647,36,10,1,1
648,39,10,1,0
649,40,10,0,1
650,41,10,0,0
651,43,10,0,0
652,44,10,1,0
653,46,10,0,1
654,47,10,0,1
655,48,10,1,0
656,49,10,0,0
657,51,10,1,1
658,52,10,1,1
659,53,10,0,1
660,55,10,1,1
661,56,10,0,0
662,58,10,0,0
663,59,10,1,0
664,60,10,0,0
665,61,10,1,0
666,62,10,0,1
667,64,10,0,1
668,67,10,1,0
669,69,10,0,0
670,70,10,0,0
671,71,10,0,1
672,73,10,0,1
673,75,10,0,1
674,76,10,0,1
675,80,10,0,1
676,83,10,0,1
677,87,10,1,0
678,89,10,0,0
679,90,10,0,0
680,91,10,0,0
681,92,10,1,0
682,93,10,0,0
683,95,10,1,0
684,96,10,0,1
685,0,11,0,0
686,2,11,0,1
687,4,11,0,0
688,6,11,1,1
689,9,11,0,0
690,10,11,0,0
691,13,11,1,1
692,14,11,0,1
693,16,11,1,1
694,19,11,0,0
695,21,11,1,1
696,23,11,0,1
697,24,11,0,1
698,25,11,0,0
699,26,11,0,0
700,28,11,0,0
701,29,11,0,0
702,32,11,0,0
703,33,11,0,1
704,38,11,0,0
705,39,11,0,1
706,40,11,1,1
707,42,11,0,0
708,43,11,0,1
709,44,11,0,1
710,45,11,0,0
711,49,11,0,0
712,51,11,0,0
713,53,11,0,0
714,55,11,1,0
715,58,11,0,0
716,59,11,0,1
717,60,11,1,1
718,61,11,1,1
719,62,11,0,0
720,64,11,0,0
721,66,11,0,1
722,67,11,0,0
723,68,11,1,1
724,69,11,1,1
725,70,11,0,1
726,71,11,0,0
727,72,11,1,0
728,75,11,0,1
729,77,11,0,0
730,78,11,0,0
731,79,11,0,0
732,81,11,1,0
733,83,11,0,0
734,84,11,0,1
735,85,11,1,1
736,86,11,0,0
737,90,11,0,1
738,91,11,1,0
739,92,11,1,1
740,93,11,1,1
741,94,11,0,1
742,96,11,0,0
743,0,12,1,0
744,1,12,0,0
745,5,12,0,1
746,6,12,1,0
747,7,12,1,1
748,8,12,1,1
749,10,12,1,1
750,11,12,1,0
751,12,12,0,1
752,13,12,0,1
753,15,12,1,1
754,16,12,1,0
755,21,12,1,1
756,22,12,0,0
757,23,12,1,0
758,25,12,0,1
759,26,12,0,0
760,28,12,0,1
761,29,12,1,0
762,31,12,0,0
763,33,12,0,0
764,34,12,0,0
765,38,12,0,1
766,40,12,0,0
767,41,12,1,1
768,42,12,1,0
769,47,12,0,0
770,49,12,1,0
771,50,12,0,0
772,51,12,0,0
773,52,12,0,1
774,53,12,1,0
775,54,12,0,0
776,56,12,0,1
777,58,12,1,1
778,59,12,0,0
779,60,12,0,0
780,61,12,0,0
781,62,12,1,1
782,63,12,1,1
783,67,12,0,0
784,68,12,1,0
785,70,12,0,1
786,71,12,0,1
787,76,12,0,0
788,77,12,1,1
789,79,12,1,0
790,81,12,0,1
791,83,12,0,0
792,84,12,0,0
793,86,12,0,1
794,87,12,0,1
795,90,12,0,0
796,91,12,0,0
797,94,12,0,1
798,95,12,1,1
799,0,13,0,0
800,4,13,1,1
801,10,13,1,1
802,11,13,0,1
803,13,13,0,1
804,14,13,1,1
805,16,13,1,1
806,17,13,0,1
807,18,13,0,0
808,20,13,1,1
809,21,13,0,0
810,22,13,0,1
811,25,13,1,1
812,30,13,1,0
813,31,13,1,1
814,33,13,1,1
815,36,13,0,0
816,38,13,1,0
817,40,13,0,0
818,41,13,0,0
819,42,13,1,1
820,44,13,0,0
821,45,13,0,0
822,46,13,0,0
823,47,13,0,0
824,48,13,0,1
825,50,13,0,1
826,51,13,1,1
827,52,13,1,1
828,53,13,1,1
829,57,13,1,1
830,58,13,0,0
831,60,13,0,0
832,61,13,0,1
833,62,13,1,0
834,64,13,0,0
835,66,13,1,1
836,67,13,0,0
837,69,13,0,0
838,72,13,1,1
839,73,13,1,0
840,78,13,1,0
841,79,13,1,1
842,80,13,1,0
843,82,13,1,0
844,84,13,0,0
845,85,13,1,1
846,86,13,0,1
847,91,13,0,1
848,92,13,0,1
849,93,13,0,0
850,0,14,0,0
851,1,14,0,0
852,2,14,1,0
853,4,14,1,0
854,7,14,0,0
855,8,14,1,1
856,10,14,0,0
857,11,14,1,0
858,13,14,0,0
859,14,14,0,1
860,16,14,1,0
861,18,14,1,0
862,19,14,0,1
863,21,14,0,0
864,22,14,0,1
865,25,14,0,1
866,26,14,1,0
867,27,14,1,0
868,28,14,1,1
869,29,14,1,1
870,30,14,1,0
871,32,14,1,1
872,35,14,1,0
873,37,14,0,0
874,39,14,0,1
875,40,14,0,1
876,42,14,0,0
877,44,14,0,1
878,46,14,0,1
879,47,14,1,1
880,48,14,0,0
881,49,14,0,0
882,51,14,0,1
883,52,14,1,1
884,53,14,0,0
885,54,14,0,0
886,56,14,1,0
887,57,14,0,0
888,61,14,0,0
889,62,14,0,0
890,64,14,1,0
891,65,14,0,0
892,69,14,0,1
893,70,14,0,0
894,71,14,1,1
895,72,14,1,1
896,74,14,0,0
897,75,14,1,0
898,78,14,0,0
899,81,14,0,0
900,82,14,0,0
901,84,14,1,1
902,87,14,0,0
903,88,14,0,1
904,89,14,0,1
905,90,14,0,0
906,91,14,0,0
907,92,14,0,1
908,94,14,1,0
909,95,14,0,0
910,96,14,1,1
911,0,15,0,1
912,2,15,0,0
913,4,15,0,0
914,6,15,0,0
915,10,15,1,0
916,11,15,1,1
917,12,15,1,1
918,14,15,1,1
919,15,15,1,1
920,16,15,1,0
921,19,15,1,1
922,20,15,1,1
923,22,15,1,0
924,23,15,0,0
925,24,15,0,0
926,25,15,1,0
927,27,15,1,0
928,31,15,0,0
929,32,15,1,1
930,34,15,1,1
931,35,15,1,0
932,36,15,1,1
933,38,15,0,1
934,42,15,0,1
935,44,15,0,1
936,45,15,0,0
937,48,15,1,0
938,50,15,0,1
939,53,15,0,0
940,54,15,1,0
941,56,15,1,1
942,58,15,1,0
943,61,15,0,0
944,63,15,0,1
945,64,15,0,1
946,67,15,0,0
947,68,15,0,0
948,69,15,1,0
949,71,15,1,1
950,76,15,0,1
951,79,15,0,1
952,84,15,0,0
953,85,15,1,0
954,87,15,0,0
955,88,15,0,0
956,89,15,0,0
957,92,15,0,0
958,93,15,0,0
959,95,15,1,1
960,96,15,0,0
961,97,15,0,1
962,1,16,1,1
963,8,16,0,1
964,9,16,0,0
965,10,16,0,0
966,18,16,1,0
967,19,16,0,0
968,20,16,0,1
969,21,16,1,0
970,22,16,1,0
971,23,16,0,1
972,25,16,0,0
973,26,16,0,0
974,27,16,0,0
975,28,16,1,0
976,29,16,1,0
977,30,16,0,1
978,31,16,0,1
979,33,16,1,1
980,36,16,0,0
981,37,16,0,1
982,39,16,1,1
983,41,16,1,0
984,46,16,1,0
985,47,16,0,1
986,48,16,1,1
987,49,16,0,1
988,50,16,1,1
989,52,16,1,1
990,54,16,1,1
991,55,16,0,1
992,57,16,0,0
993,59,16,0,0
994,60,16,1,1
995,61,16,1,1
996,62,16,1,1
997,65,16,0,0
998,67,16,0,0
999,68,16,0,1
1000,69,16,1,1
1001,72,16,0,1
1002,73,16,0,1
1003,74,16,0,0
1004,75,16,0,0
1005,76,16,0,0
1006,77,16,0,0
1007,78,16,1,1
1008,79,16,0,0
1009,80,16,0,1
1010,81,16,0,0
1011,82,16,0,1
1012,83,16,1,1
1013,84,16,0,1
1014,85,16,0,0
1015,86,16,0,0
1016,87,16,0,0
1017,88,16,0,1
1018,89,16,0,1
1019,90,16,1,0
1020,94,16,0,0
1021,1,17,1,0
1022,2,17,1,1
1023,3,17,1,1
1024,5,17,1,0
1025,6,17,0,0
1026,7,17,0,0
1027,11,17,0,0
1028,12,17,0,0
1029,13,17,0,0
1030,14,17,0,0
1031,16,17,0,1
1032,17,17,1,1
1033,18,17,1,1
1034,21,17,1,0
1035,22,17,1,0
1036,24,17,1,1
1037,25,17,0,1
1038,26,17,0,1
1039,28,17,1,1
1040,29,17,0,0
1041,30,17,0,0
1042,31,17,1,1
1043,33,17,1,0
1044,35,17,0,0
1045,36,17,1,0
1046,37,17,0,0
1047,39,17,1,1
1048,41,17,1,1
1049,44,17,1,1
1050,45,17,1,1
1051,46,17,1,1
1052,47,17,0,0
1053,50,17,1,0
1054,51,17,1,1
1055,53,17,0,0
1056,54,17,0,1
1057,57,17,1,0
1058,58,17,0,0
1059,59,17,1,1
1060,60,17,0,0
1061,61,17,0,1
1062,62,17,0,0
1063,63,17,0,0
1064,64,17,1,0
1065,67,17,0,1
1066,68,17,0,0
1067,69,17,0,0
1068,70,17,0,0
1069,72,17,0,0
1070,74,17,0,0
1071,75,17,1,0
1072,76,17,0,0
1073,79,17,0,1
1074,80,17,1,1
1075,81,17,0,0
1076,82,17,1,0
1077,84,17,1,0
1078,85,17,1,1
1079,86,17,0,0
1080,88,17,0,0
1081,89,17,0,0
1082,90,17,0,0
1083,91,17,0,0
1084,93,17,0,1
1085,94,17,1,0
1086,95,17,0,1
1087,96,17,1,1
1088,97,17,0,1
1089,0,18,0,0
1090,3,18,0,0
1091,5,18,0,1
1092,7,18,0,0
1093,8,18,0,0
1094,9,18,1,0
1095,10,18,0,0
1096,15,18,0,1
1097,16,18,1,1
1098,18,18,1,0
1099,19,18,0,0
1100,23,18,0,0
1101,24,18,0,0
1102,25,18,0,0
1103,26,18,1,0
1104,27,18,1,1
1105,29,18,0,0
1106,30,18,0,0
1107,31,18,0,0
1108,32,18,0,0
1109,33,18,1,1
1110,35,18,1,1
1111,38,18,0,0
1112,39,18,0,0
1113,41,18,1,1
1114,42,18,0,1
1115,45,18,1,1
1116,46,18,0,0
1117,47,18,1,1
1118,48,18,0,0
1119,49,18,0,1
1120,50,18,0,0
1121,51,18,0,0
1122,52,18,0,1
1123,53,18,0,0
1124,54,18,0,0
1125,55,18,0,0
1126,56,18,0,0
1127,57,18,0,1
1128,58,18,0,1
1129,61,18,1,1
1130,62,18,0,1
1131,65,18,0,0
1132,68,18,1,0
1133,69,18,1,1
1134,70,18,1,0
1135,72,18,0,0
1136,73,18,0,1
1137,75,18,0,0
1138,76,18,1,1
1139,78,18,0,1
1140,79,18,0,0
1141,81,18,0,0
1142,82,18,0,0
1143,84,18,1,1
1144,85,18,0,0
1145,86,18,0,0
1146,89,18,1,1
1147,91,18,1,0
1148,92,18,1,1
1149,93,18,1,1
1150,94,18,0,1
1151,95,18,0,1
1152,96,18,0,0
1153,97,18,0,1
1154,2,19,1,1
1155,6,19,0,1
1156,8,19,0,0
1157,12,19,1,1
1158,13,19,1,0
1159,14,19,1,0
1160,16,19,0,0
1161,17,19,0,0
1162,20,19,0,0
1163,22,19,0,0
1164,23,19,1,0
1165,24,19,0,1
1166,25,19,0,0
1167,26,19,1,1
1168,28,19,1,0
1169,29,19,0,1
1170,31,19,1,0
1171,33,19,0,0
1172,34,19,1,1
1173,35,19,0,1
1174,40,19,1,1
1175,42,19,0,0
1176,43,19,0,1
1177,45,19,0,1
1178,47,19,0,1
1179,49,19,0,0
1180,50,19,0,1
1181,51,19,1,1
1182,52,19,1,1
1183,53,19,0,0
1184,54,19,1,1
1185,58,19,0,1
1186,59,19,1,1
1187,60,19,0,1
1188,61,19,1,0
1189,64,19,1,1
1190,66,19,0,0
1191,67,19,1,0
1192,69,19,1,1
1193,71,19,1,1
1194,73,19,1,0
1195,74,19,0,0
1196,79,19,0,0
1197,80,19,1,1
1198,83,19,0,0
1199,84,19,1,1
1200,85,19,0,0
1201,86,19,1,0
1202,87,19,0,1
1203,88,19,0,0
1204,89,19,0,0
1205,90,19,0,1
1206,91,19,0,1
1207,92,19,0,0
1208,93,19,0,1
1209,94,19,0,1
1210,95,19,0,0
1211,96,19,1,1
1212,97,19,0,0
1213,0,20,0,1
1214,2,20,0,1
1215,7,20,1,1
1216,9,20,0,0
1217,10,20,1,1
1218,11,20,1,0
1219,12,20,1,0
1220,14,20,1,1
1221,16,20,1,1
1222,17,20,1,0
1223,19,20,1,0
1224,20,20,1,0
1225,22,20,0,0
1226,23,20,0,0
1227,24,20,0,1
1228,25,20,1,0
1229,26,20,0,1
1230,27,20,0,0
1231,28,20,0,0
1232,29,20,1,1
1233,30,20,1,1
1234,31,20,0,0
1235,35,20,0,1
1236,37,20,1,1
1237,42,20,1,1
1238,43,20,0,1
1239,45,20,1,0
1240,46,20,0,0
1241,47,20,0,0
1242,49,20,1,1
1243,50,20,0,1
1244,51,20,0,0
1245,53,20,0,0
1246,58,20,1,1
1247,59,20,1,0
1248,61,20,0,0
1249,63,20,1,1
1250,64,20,0,1
1251,65,20,1,0
1252,66,20,1,1
1253,67,20,0,0
1254,69,20,1,0
1255,70,20,0,0
1256,71,20,0,0
1257,73,20,0,0
1258,76,20,1,0
1259,78,20,0,1
1260,79,20,1,1
1261,81,20,1,0
1262,83,20,0,0
1263,86,20,0,0
1264,88,20,1,0
1265,89,20,1,1
1266,90,20,0,0
1267,92,20,0,0
1268,93,20,0,0
1269,94,20,0,0
1270,97,20,0,0
1271,0,21,1,0
1272,2,21,1,1
1273,4,21,1,1
1274,6,21,1,0
1275,7,21,1,0
1276,10,21,0,0
1277,13,21,1,0
1278,17,21,0,0
1279,19,21,0,1
1280,20,21,1,1
1281,23,21,0,1
1282,27,21,1,0
1283,30,21,0,0
1284,31,21,1,1
1285,32,21,1,1
1286,33,21,1,0
1287,35,21,0,0
1288,37,21,1,1
1289,39,21,1,1
1290,41,21,1,1
1291,42,21,0,0
1292,43,21,0,0
1293,45,21,1,1
1294,46,21,1,1
1295,47,21,0,0
1296,48,21,1,1
1297,49,21,1,0
1298,50,21,0,0
1299,53,21,0,0
1300,54,21,0,1
1301,55,21,0,0
1302,56,21,0,0
1303,58,21,0,0
1304,59,21,1,1
1305,62,21,0,1
1306,64,21,1,0
1307,66,21,0,0
1308,68,21,0,0
1309,69,21,0,0
1310,70,21,0,0
1311,71,21,1,1
1312,75,21,1,0
1313,76,21,0,1
1314,79,21,0,0
1315,80,21,0,1
1316,83,21,0,0
1317,85,21,0,0
1318,86,21,1,0
1319,87,21,0,0
1320,88,21,0,1
1321,91,21,1,0
1322,93,21,0,0
1323,2,22,0,1
1324,3,22,0,1
1325,4,22,0,0
1326,7,22,1,0
1327,8,22,1,1
1328,9,22,0,1
1329,10,22,1,1
1330,11,22,0,0
1331,13,22,0,0
1332,14,22,0,0
1333,16,22,1,0
1334,18,22,0,1
1335,19,22,1,1
1336,20,22,1,1
1337,24,22,1,0
1338,28,22,1,0
1339,31,22,0,1
1340,35,22,1,0
1341,36,22,0,1
1342,38,22,1,1
1343,39,22,0,1
1344,40,22,0,0
1345,45,22,0,0
1346,46,22,0,0
1347,47,22,0,0
1348,48,22,1,0
1349,49,22,1,1
1350,50,22,0,1
1351,52,22,1,1
1352,54,22,0,0
1353,55,22,0,1
1354,58,22,1,1
1355,59,22,0,0
1356,63,22,1,0
1357,64,22,0,1
1358,65,22,0,1
1359,66,22,1,1
1360,70,22,1,1
1361,71,22,0,0
1362,74,22,0,0
1363,75,22,0,0
1364,77,22,1,0
1365,82,22,1,1
1366,84,22,0,0
1367,85,22,0,1
1368,86,22,0,1
1369,87,22,1,0
1370,89,22,0,0
1371,94,22,1,1
1372,95,22,1,1
1373,96,22,0,1
1374,97,22,0,1
1375,3,23,1,0
1376,8,23,1,1
1377,10,23,0,0
1378,11,23,0,1
1379,12,23,1,1
1380,14,23,0,0
1381,15,23,1,1
1382,16,23,0,1
1383,17,23,0,0
1384,18,23,1,1
1385,19,23,1,0
1386,20,23,1,1
1387,23,23,1,0
1388,24,23,0,0
1389,29,23,1,1
1390,31,23,1,1
1391,32,23,1,0
1392,34,23,1,1
1393,35,23,1,1
1394,36,23,1,0
1395,38,23,1,1
1396,40,23,0,0
1397,43,23,1,0
1398,44,23,1,1
1399,45,23,1,1
1400,47,23,0,1
1401,48,23,1,1
1402,49,23,1,1
1403,51,23,1,1
1404,52,23,1,1
1405,53,23,0,0
1406,55,23,0,1
1407,57,23,1,1
1408,59,23,1,0
1409,60,23,0,0
1410,62,23,1,1
1411,66,23,0,0
1412,69,23,0,1
1413,70,23,1,0
1414,73,23,0,0
1415,75,23,1,0
1416,76,23,0,1
1417,78,23,1,0
1418,80,23,1,1
1419,81,23,0,0
1420,82,23,1,0
1421,83,23,1,0
1422,84,23,1,0
1423,85,23,0,0
1424,86,23,1,0
1425,87,23,1,1
1426,90,23,1,1
1427,91,23,1,0
1428,92,23,0,0
1429,94,23,0,0
1430,95,23,0,0
1431,96,23,0,1
1432,0,24,0,0
1433,1,24,1,0
1434,2,24,0,0
1435,3,24,1,1
1436,6,24,1,1
1437,11,24,0,0
1438,13,24,1,0
1439,14,24,0,0
1440,15,24,0,1
1441,16,24,0,1
1442,17,24,0,0
1443,19,24,0,0
1444,21,24,0,1
1445,23,24,1,1
1446,26,24,0,0
1447,27,24,0,1
1448,29,24,0,0
1449,31,24,0,1
1450,33,24,1,1
1451,34,24,0,0
1452,35,24,0,0
1453,37,24,1,0
1454,38,24,0,1
1455,39,24,0,0
1456,40,24,1,1
1457,42,24,1,0
1458,45,24,0,0
1459,47,24,1,1
1460,49,24,0,0
1461,50,24,1,1
1462,52,24,0,0
1463,53,24,0,0
1464,54,24,0,0
1465,55,24,0,0
1466,56,24,1,1
1467,57,24,0,0
1468,58,24,0,0
1469,59,24,1,1
1470,61,24,1,1
1471,64,24,0,0
1472,66,24,0,0
1473,67,24,0,0
1474,69,24,1,1
1475,71,24,0,0
1476,74,24,0,1
1477,75,24,0,0
1478,76,24,1,1
1479,77,24,0,1
1480,78,24,1,0
1481,81,24,0,0
1482,83,24,1,0
1483,84,24,0,0
1484,87,24,0,0
1485,90,24,1,1
1486,93,24,1,1
1487,94,24,0,0
1488,95,24,0,1
1489,96,24,0,0
1490,1,25,0,0
1491,2,25,1,0
1492,3,25,0,0
1493,4,25,1,1
1494,5,25,1,1
1495,7,25,0,1
1496,9,25,0,0
1497,18,25,0,1
1498,19,25,1,1
1499,20,25,1,0
1500,22,25,0,1
1501,23,25,0,1
1502,24,25,0,1
1503,25,25,1,1
1504,26,25,1,0
1505,33,25,0,0
1506,34,25,0,0
1507,36,25,0,0
1508,38,25,1,1
1509,39,25,1,0
1510,44,25,0,0
1511,46,25,0,1
1512,48,25,1,1
1513,49,25,1,1
1514,50,25,0,0
1515,51,25,1,1
1516,52,25,1,1
1517,53,25,1,1
1518,54,25,0,1
1519,55,25,1,1
1520,56,25,1,1
1521,57,25,1,1
1522,59,25,1,0
1523,60,25,0,0
1524,62,25,0,0
1525,63,25,1,1
1526,64,25,0,1
1527,65,25,1,1
1528,67,25,0,1
1529,68,25,0,0
1530,69,25,0,0
1531,71,25,0,1
1532,73,25,1,0
1533,74,25,1,0
1534,75,25,0,0
1535,76,25,1,1
1536,77,25,1,0
1537,78,25,0,1
1538,79,25,1,1
1539,81,25,1,1
1540,85,25,1,1
1541,87,25,0,1
1542,88,25,0,0
1543,89,25,0,0
1544,90,25,0,0
1545,91,25,0,0
1546,92,25,1,1
1547,93,25,0,0
1548,94,25,1,0
1549,96,25,0,1
1550,2,26,1,1
1551,4,26,1,1
1552,6,26,0,0
1553,7,26,0,0
1554,10,26,0,0
1555,13,26,0,1
1556,15,26,1,1
1557,19,26,0,1
1558,20,26,1,1
1559,21,26,0,0
1560,22,26,1,1
1561,23,26,1,1
1562,24,26,1,0
1563,25,26,0,1
1564,30,26,1,0
1565,31,26,1,1
1566,32,26,0,1
1567,34,26,1,0
1568,36,26,1,0
1569,37,26,0,1
1570,38,26,1,1
1571,40,26,0,0
1572,44,26,1,1
1573,46,26,1,1
1574,47,26,0,1
1575,50,26,0,0
1576,51,26,1,1
1577,53,26,0,0
1578,54,26,0,1
1579,55,26,1,0
1580,63,26,0,1
1581,66,26,0,1
1582,68,26,0,0
1583,69,26,1,0
1584,71,26,0,0
1585,72,26,0,0
1586,74,26,1,1
1587,76,26,0,1
1588,78,26,0,0
1589,80,26,0,0
1590,83,26,0,0
1591,85,26,1,1
1592,89,26,0,1
1593,90,26,0,0
1594,91,26,1,0
1595,92,26,0,0
1596,94,26,1,1
1597,0,27,1,0
1598,1,27,0,0
1599,2,27,0,0
1600,4,27,0,0
1601,5,27,0,0
1602,6,27,1,1
1603,7,27,0,0
1604,9,27,1,1
1605,11,27,0,0
1606,14,27,0,0
1607,15,27,0,1
1608,18,27,0,0
1609,19,27,0,0
1610,20,27,0,0
1611,22,27,0,0
1612,23,27,0,0
1613,24,27,1,1
1614,25,27,0,0
1615,26,27,0,0
1616,27,27,0,0
1617,28,27,0,0
1618,29,27,0,0
1619,30,27,0,0
1620,31,27,0,0
1621,33,27,0,1
1622,35,27,1,1
1623,36,27,0,1
1624,37,27,1,0
1625,38,27,1,0
1626,39,27,0,0
1627,40,27,1,1
1628,42,27,0,1
1629,43,27,0,0
1630,44,27,1,1
1631,45,27,0,0
1632,47,27,1,1
1633,48,27,1,1
1634,49,27,0,0
1635,51,27,0,0
1636,52,27,0,0
1637,53,27,1,1
1638,55,27,0,1
1639,56,27,0,0
1640,57,27,0,0
1641,59,27,0,0
1642,61,27,1,0
1643,62,27,0,1
1644,63,27,0,0
1645,64,27,0,0
1646,65,27,0,0
1647,66,27,0,1
1648,67,27,0,1
1649,68,27,1,1
1650,70,27,1,1
1651,71,27,0,0
1652,72,27,0,0
1653,73,27,0,1
1654,78,27,0,0
1655,79,27,0,0
1656,81,27,0,0
1657,82,27,0,1
1658,84,27,0,0
1659,85,27,0,0
1660,86,27,0,1
1661,87,27,0,0
1662,89,27,1,1
1663,90,27,1,0
1664,92,27,1,1
1665,97,27,1,1
1666,2,28,1,1
1667,3,28,1,0
1668,6,28,1,0
1669,7,28,0,0
1670,9,28,0,1
1671,10,28,0,0
1672,11,28,0,0
1673,13,28,0,0
1674,14,28,0,0
1675,15,28,1,0
1676,19,28,0,1
1677,20,28,0,0
1678,21,28,0,1
1679,23,28,1,1
1680,25,28,0,0
1681,26,28,1,0
1682,28,28,1,0
1683,30,28,0,0
1684,31,28,1,1
1685,32,28,0,0
1686,33,28,1,0
1687,38,28,0,1
1688,39,28,1,1
1689,40,28,0,0
1690,42,28,0,1
1691,44,28,1,1
1692,45,28,1,0
1693,46,28,0,0
1694,47,28,0,0
1695,50,28,0,0
1696,52,28,1,0
1697,55,28,1,1
1698,58,28,0,0
1699,59,28,0,1
1700,62,28,1,0
1701,64,28,1,0
1702,69,28,0,0
1703,70,28,1,1
1704,71,28,1,0
1705,75,28,0,1
1706,76,28,0,0
1707,77,28,1,1
1708,78,28,0,1
1709,85,28,1,0
1710,87,28,0,1
1711,89,28,0,1
1712,90,28,1,0
1713,92,28,0,0
1714,93,28,1,0
1715,94,28,0,1
1716,95,28,1,0
1717,96,28,1,0
1718,97,28,0,0
1719,1,29,0,0
1720,2,29,1,0
1721,5,29,0,0
1722,6,29,1,0
1723,7,29,0,0
1724,8,29,1,1
1725,9,29,1,1
1726,10,29,0,1
1727,13,29,0,0
1728,17,29,1,0
1729,20,29,0,0
1730,21,29,0,0
1731,22,29,0,0
1732,24,29,1,0
1733,25,29,0,0
1734,26,29,0,1
1735,28,29,1,0
1736,29,29,0,0
1737,30,29,1,0
1738,31,29,1,1
1739,32,29,0,1
1740,35,29,0,1
1741,39,29,0,1
1742,40,29,0,0
1743,41,29,0,0
1744,44,29,1,1
1745,47,29,0,0
1746,48,29,0,0
1747,49,29,0,0
1748,51,29,0,0
1749,52,29,1,0
1750,53,29,0,1
1751,55,29,0,1
1752,56,29,0,0
1753,57,29,0,0
1754,58,29,0,1
1755,59,29,0,0
1756,63,29,1,1
1757,66,29,0,0
1758,67,29,0,1
1759,68,29,0,0
1760,70,29,0,0
1761,71,29,1,1
1762,72,29,0,1
1763,73,29,0,0
1764,74,29,0,1
1765,76,29,0,0
1766,77,29,0,0
1767,78,29,0,0
1768,79,29,0,0
1769,81,29,0,0
1770,83,29,0,1
1771,85,29,0,1
1772,88,29,0,0
1773,89,29,0,0
1774,91,29,0,0
1775,93,29,0,0
1776,94,29,0,1
1777,97,29,1,0
1778,3,30,1,1
1779,4,30,1,1
1780,5,30,0,0
1781,8,30,0,1
1782,10,30,0,0
1783,13,30,1,0
1784,15,30,1,0
1785,16,30,0,0
1786,18,30,1,0
1787,19,30,0,1
1788,22,30,1,1
1789,24,30,0,1
1790,26,30,1,1
1791,27,30,0,0
1792,28,30,0,0
1793,31,30,0,1
1794,32,30,0,0
1795,33,30,1,0
1796,36,30,1,0
1797,37,30,1,0
1798,38,30,0,0
1799,40,30,1,0
1800,45,30,1,1
1801,47,30,0,1
1802,50,30,1,1
1803,52,30,0,0
1804,53,30,1,1
1805,54,30,0,1
1806,55,30,0,1
1807,57,30,0,1
1808,59,30,1,0
1809,60,30,0,0
1810,61,30,1,0
1811,62,30,0,1
1812,63,30,0,0
1813,64,30,1,1
1814,65,30,0,1
1815,69,30,0,1
1816,75,30,0,0
1817,76,30,0,1
1818,77,30,0,0
1819,78,30,0,1
1820,79,30,1,0
1821,81,30,0,0
1822,82,30,0,1
1823,83,30,1,1
1824,84,30,0,0
1825,85,30,0,1
1826,87,30,0,0
1827,89,30,1,1
1828,92,30,1,1
1829,93,30,0,1
1830,0,31,0,1
1831,3,31,1,1
1832,7,31,0,0
1833,9,31,0,0
1834,10,31,0,0
1835,12,31,1,1
1836,13,31,1,1
1837,14,31,0,0
1838,19,31,0,0
1839,21,31,0,1
1840,23,31,0,0
1841,24,31,1,0
1842,29,31,0,0
1843,30,31,1,1
1844,31,31,0,1
1845,32,31,1,0
1846,34,31,1,1
1847,36,31,1,0
1848,37,31,0,0
1849,38,31,1,0
1850,39,31,1,0
1851,42,31,0,0
1852,45,31,1,1
1853,47,31,0,0
1854,48,31,0,0
1855,50,31,0,0
1856,51,31,1,1
1857,54,31,0,0
1858,56,31,0,1
1859,57,31,0,0
1860,58,31,0,1
1861,59,31,1,1
1862,61,31,0,0
1863,62,31,0,0
1864,63,31,0,1
1865,64,31,1,1
1866,65,31,0,0
1867,66,31,0,1
1868,67,31,1,0
1869,69,31,0,0
1870,70,31,0,1
1871,71,31,0,1
1872,73,31,0,1
1873,75,31,0,1
1874,76,31,0,1
1875,77,31,1,1
1876,78,31,0,0
1877,80,31,0,1
1878,81,31,0,1
1879,84,31,0,0
1880,85,31,1,0
1881,89,31,0,0
1882,91,31,0,1
1883,92,31,1,1
1884,93,31,1,1
1885,94,31,1,1
1886,95,31,0,0
1887,97,31,1,1
1888,1,32,1,1
1889,4,32,0,1
1890,7,32,1,1
1891,9,32,1,1
1892,10,32,1,1
1893,11,32,0,0
1894,12,32,1,1
1895,13,32,0,0
1896,15,32,1,1
1897,17,32,0,0
1898,19,32,1,1
1899,21,32,0,0
1900,23,32,0,1
1901,24,32,0,0
1902,27,32,0,0
1903,29,32,0,0
1904,30,32,1,1
1905,31,32,1,0
1906,33,32,0,0
1907,34,32,0,0
1908,38,32,0,1
1909,40,32,0,0
1910,41,32,1,0
1911,43,32,1,0
1912,44,32,0,0
1913,46,32,1,0
1914,48,32,1,0
1915,49,32,0,1
1916,51,32,0,0
1917,54,32,1,0
1918,57,32,1,1
1919,59,32,0,0
1920,60,32,1,0
1921,61,32,0,1
1922,63,32,1,1
1923,64,32,0,0
1924,65,32,1,1
1925,66,32,1,1
1926,67,32,0,0
1927,68,32,0,0
1928,70,32,0,1
1929,71,32,0,0
1930,73,32,1,0
1931,74,32,1,1
1932,76,32,0,1
1933,77,32,0,1
1934,79,32,1,0
1935,83,32,0,1
1936,86,32,1,0
1937,88,32,0,0
1938,89,32,0,0
1939,90,32,0,0
1940,91,32,0,0
1941,92,32,1,1
1942,94,32,0,0
1943,95,32,1,1
1944,96,32,0,1
1945,97,32,0,1
1946,0,33,1,1
1947,1,33,1,1
1948,2,33,0,0
1949,4,33,1,0
1950,6,33,0,0
1951,7,33,1,0
1952,8,33,0,1
1953,9,33,0,0
1954,12,33,0,1
1955,14,33,0,0
1956,18,33,0,0
1957,20,33,0,1
1958,21,33,0,1
1959,23,33,1,0
1960,24,33,0,0
1961,26,33,0,1
1962,27,33,0,0
1963,29,33,0,0
1964,30,33,1,1
1965,32,33,0,0
1966,36,33,0,0
1967,37,33,0,1
1968,39,33,0,0
1969,41,33,1,1
1970,43,33,0,1
1971,44,33,1,0
1972,47,33,1,0
1973,49,33,0,1
1974,50,33,1,0
1975,51,33,0,0
1976,52,33,1,1
1977,53,33,0,0
1978,54,33,1,1
1979,56,33,0,0
1980,57,33,0,0
1981,60,33,1,1
1982,62,33,0,0
1983,63,33,0,0
1984,64,33,0,1
1985,66,33,0,0
1986,67,33,0,0
1987,68,33,1,1
1988,69,33,0,1
1989,70,33,0,1
1990,71,33,0,1
1991,72,33,1,1
1992,76,33,0,1
1993,77,33,1,0
1994,78,33,0,0
1995,79,33,0,1
1996,80,33,0,0
1997,81,33,0,0
1998,82,33,0,0
1999,83,33,0,1
2000,84,33,0,1
2001,86,33,0,0
2002,90,33,1,0
2003,93,33,1,1
2004,95,33,0,1
2005,96,33,0,0
2006,97,33,1,1
2007,0,34,0,1
2008,2,34,0,1
2009,4,34,1,0
2010,5,34,1,0
2011,7,34,1,0
2012,8,34,1,1
2013,10,34,0,0
2014,12,34,0,0
2015,13,34,1,0
2016,14,34,0,0
2017,15,34,0,0
2018,19,34,0,1
2019,21,34,1,1
2020,22,34,1,1
2021,23,34,0,1
2022,24,34,1,1
2023,25,34,1,0
2024,26,34,0,1
2025,28,34,1,0
2026,31,34,1,0
2027,35,34,0,0
2028,36,34,1,0
2029,37,34,0,1
2030,38,34,1,0
2031,39,34,0,0
2032,40,34,0,0
2033,41,34,0,1
2034,42,34,0,1
2035,44,34,1,0
2036,45,34,0,1
2037,46,34,0,0
2038,48,34,1,0
2039,50,34,0,0
2040,51,34,1,1
2041,53,34,0,0
2042,54,34,1,0
2043,55,34,1,1
2044,56,34,0,0
2045,58,34,1,1
2046,61,34,0,1
2047,62,34,0,0
2048,63,34,0,0
2049,65,34,0,0
2050,67,34,1,0
2051,70,34,1,1
2052,71,34,1,0
2053,72,34,0,0
2054,74,34,0,0
2055,75,34,1,0
2056,77,34,0,1
2057,78,34,0,0
2058,81,34,0,0
2059,82,34,0,0
2060,83,34,0,0
2061,84,34,0,0
2062,86,34,0,1
2063,89,34,0,0
2064,90,34,1,1
2065,91,34,1,1
2066,92,34,0,0
2067,95,34,0,0
2068,0,35,0,0
2069,3,35,1,1
2070,4,35,1,0
2071,6,35,1,1
2072,8,35,0,1
2073,12,35,0,0
2074,13,35,0,0
2075,14,35,0,0
2076,15,35,1,1
2077,16,35,1,0
2078,17,35,1,1
2079,18,35,0,0
2080,19,35,0,1
2081,20,35,0,1
2082,21,35,1,0
2083,22,35,1,1
2084,23,35,0,1
2085,24,35,1,0
2086,26,35,1,0
2087,27,35,1,0
2088,28,35,0,0
2089,29,35,0,0
2090,32,35,0,1
2091,33,35,1,0
2092,35,35,1,1
2093,36,35,0,0
2094,37,35,0,0
2095,39,35,1,1
2096,41,35,1,0
2097,42,35,1,1
2098,44,35,0,1
2099,46,35,1,1
2100,48,35,0,0
2101,49,35,0,1
2102,52,35,0,0
2103,53,35,1,0
2104,54,35,1,0
2105,58,35,0,0
2106,59,35,0,0
2107,61,35,1,1
2108,62,35,0,0
2109,63,35,1,0
2110,65,35,0,0
2111,66,35,0,0
2112,68,35,0,0
2113,69,35,1,0
2114,70,35,1,0
2115,72,35,0,0
2116,74,35,0,0
2117,82,35,1,0
2118,85,35,0,0
2119,86,35,0,0
2120,88,35,0,0
2121,89,35,0,1
2122,91,35,1,1
2123,95,35,0,1
2124,96,35,0,1
2125,2,36,1,0
2126,4,36,0,1
2127,5,36,1,0
2128,7,36,1,1
2129,13,36,0,1
2130,17,36,1,0
2131,19,36,0,0
2132,21,36,1,0
2133,22,36,1,0
2134,23,36,0,1
2135,24,36,1,1
2136,26,36,0,0
2137,27,36,0,0
2138,30,36,1,0
2139,31,36,0,0
2140,32,36,0,0
2141,33,36,0,0
2142,35,36,1,1
2143,36,36,0,1
2144,40,36,0,1
2145,41,36,1,0
2146,43,36,0,0
2147,50,36,1,1
2148,52,36,0,1
2149,53,36,0,1
2150,54,36,1,1
2151,56,36,0,0
2152,57,36,0,0
2153,59,36,1,0
2154,60,36,1,0
2155,61,36,1,1
2156,62,36,1,0
2157,63,36,0,0
2158,64,36,0,0
2159,65,36,0,0
2160,67,36,0,1
2161,69,36,1,1
2162,70,36,1,0
2163,71,36,1,0
2164,72,36,1,0
2165,73,36,0,1
2166,76,36,0,1
2167,77,36,0,1
2168,81,36,0,0
2169,84,36,0,0
2170,85,36,0,0
2171,87,36,0,1
2172,88,36,1,1
2173,93,36,0,1
2174,95,36,1,0
2175,97,36,1,0
2176,0,37,0,0
2177,2,37,0,1
2178,4,37,1,1
2179,5,37,1,0
2180,6,37,0,0
2181,7,37,0,0
2182,10,37,0,0
2183,11,37,0,0
2184,12,37,1,0
2185,14,37,0,1
2186,15,37,1,0
2187,18,37,0,0
2188,20,37,1,1
2189,21,37,0,1
2190,22,37,0,0
2191,23,37,0,1
2192,25,37,1,0
2193,27,37,1,1
2194,28,37,0,1
2195,29,37,0,1
2196,30,37,0,1
2197,31,37,1,1
2198,32,37,0,0
2199,33,37,0,0
2200,34,37,1,1
2201,35,37,0,0
2202,36,37,1,1
2203,38,37,0,0
2204,39,37,1,1
2205,42,37,1,1
2206,43,37,0,0
2207,44,37,1,0
2208,46,37,1,1
2209,47,37,0,0
2210,49,37,0,0
2211,52,37,1,1
2212,54,37,0,1
2213,55,37,1,1
2214,57,37,0,0
2215,58,37,0,1
2216,59,37,1,0
2217,61,37,0,0
2218,62,37,0,1
2219,63,37,0,0
2220,70,37,0,0
2221,72,37,1,1
2222,73,37,0,0
2223,82,37,0,0
2224,83,37,0,0
2225,85,37,0,1
2226,86,37,1,0
2227,88,37,0,1
2228,89,37,0,0
2229,90,37,0,0
2230,92,37,0,1
2231,93,37,0,1
2232,94,37,1,0
2233,97,37,0,0
2234,0,38,1,1
2235,1,38,1,1
2236,3,38,0,0
2237,4,38,1,0
2238,5,38,0,0
2239,7,38,1,1
2240,8,38,0,0
2241,9,38,1,0
2242,10,38,0,0
2243,11,38,1,0
2244,12,38,0,1
2245,13,38,0,0
2246,14,38,1,0
2247,15,38,1,0
2248,16,38,0,1
2249,17,38,1,0
2250,18,38,1,0
2251,19,38,0,0
2252,21,38,1,0
2253,23,38,0,1
2254,24,38,0,0
2255,25,38,0,0
2256,27,38,1,0
2257,28,38,0,1
2258,31,38,0,0
2259,34,38,0,0
2260,35,38,1,1
2261,36,38,1,1
2262,39,38,0,0
2263,42,38,0,0
2264,44,38,0,1
2265,49,38,1,0
2266,51,38,0,1
2267,52,38,0,0
2268,54,38,0,0
2269,55,38,0,1
2270,62,38,0,0
2271,63,38,0,0
2272,64,38,0,0
2273,65,38,0,0
2274,66,38,0,0
2275,69,38,1,0
2276,71,38,0,1
2277,74,38,1,1
2278,75,38,0,1
2279,77,38,0,0
2280,78,38,0,1
2281,85,38,0,0
2282,86,38,0,0
2283,87,38,0,0
2284,88,38,1,1
2285,89,38,1,0
2286,91,38,1,1
2287,93,38,1,0
2288,94,38,0,1
2289,95,38,0,0
2290,96,38,1,0
2291,0,39,1,1
2292,1,39,0,0
2293,3,39,0,0
2294,5,39,0,0
2295,6,39,1,1
2296,8,39,1,0
2297,10,39,1,0
2298,11,39,0,1
2299,12,39,0,1
2300,15,39,0,0
2301,17,39,0,0
2302,20,39,1,1
2303,22,39,0,1
2304,23,39,1,1
2305,25,39,0,1
2306,26,39,1,0
2307,27,39,1,0
2308,29,39,1,0
2309,31,39,1,1
2310,33,39,0,0
2311,34,39,1,1
2312,35,39,0,1
2313,36,39,1,1
2314,37,39,0,0
2315,38,39,0,0
2316,39,39,0,1
2317,40,39,1,1
2318,41,39,0,0
2319,42,39,0,0
2320,43,39,1,0
2321,46,39,1,0
2322,49,39,0,0
2323,50,39,0,1
2324,51,39,0,0
2325,53,39,0,0
2326,54,39,1,0
2327,59,39,1,1
2328,60,39,0,0
2329,61,39,0,0
2330,62,39,0,0
2331,63,39,0,0
2332,67,39,1,1
2333,68,39,0,0
2334,71,39,1,1
2335,73,39,0,0
2336,74,39,0,0
2337,75,39,1,1
2338,76,39,1,0
2339,78,39,0,0
2340,79,39,0,0
2341,80,39,0,0
2342,81,39,0,0
2343,82,39,0,0
2344,83,39,0,0
2345,86,39,0,0
2346,88,39,0,0
2347,90,39,0,1
2348,91,39,0,1
2349,93,39,0,0
2350,95,39,0,0
2351,97,39,0,1
2352,0,40,0,1
2353,1,40,0,1
2354,3,40,0,1
2355,4,40,0,0
2356,5,40,1,1
2357,6,40,0,0
2358,7,40,0,1
2359,8,40,1,0
2360,11,40,0,0
2361,15,40,0,1
2362,18,40,1,1
2363,21,40,0,0
2364,22,40,0,1
2365,24,40,1,1
2366,25,40,1,0
2367,27,40,1,0
2368,28,40,1,1
2369,30,40,0,1
2370,31,40,1,1
2371,32,40,0,0
2372,33,40,0,0
2373,34,40,0,1
2374,35,40,0,0
2375,36,40,1,0
2376,37,40,0,1
2377,39,40,1,1
2378,40,40,1,1
2379,41,40,0,0
2380,43,40,0,0
2381,44,40,1,1
2382,46,40,0,0
2383,47,40,1,0
2384,48,40,1,1
2385,49,40,1,0
2386,50,40,0,0
2387,51,40,0,1
2388,54,40,0,1
2389,57,40,0,1
2390,58,40,0,0
2391,59,40,1,0
2392,60,40,0,0
2393,61,40,1,1
2394,62,40,0,1
2395,66,40,0,0
2396,67,40,1,1
2397,68,40,0,0
2398,69,40,1,0
2399,71,40,0,0
2400,72,40,1,0
2401,74,40,0,0
2402,76,40,0,0
2403,77,40,0,0
2404,79,40,0,1
2405,80,40,0,0
2406,81,40,0,1
2407,88,40,0,0
2408,90,40,0,1
2409,92,40,1,1
2410,94,40,1,1
2411,96,40,0,1
2412,97,40,0,0
2413,0,41,0,1
2414,1,41,0,1
2415,4,41,0,1
2416,5,41,1,1
2417,6,41,0,1
2418,7,41,1,1
2419,9,41,0,0
2420,11,41,1,1
2421,13,41,0,0
2422,14,41,0,0
2423,15,41,1,1
2424,20,41,1,1
2425,22,41,0,0
2426,23,41,0,0
2427,24,41,0,0
2428,25,41,1,0
2429,26,41,0,1
2430,27,41,0,0
2431,31,41,0,1
2432,33,41,0,0
2433,36,41,0,0
2434,39,41,1,1
2435,44,41,0,0
2436,46,41,1,0
2437,47,41,1,1
2438,48,41,1,1
2439,50,41,0,0
2440,52,41,1,1
2441,54,41,0,0
2442,55,41,0,0
2443,56,41,1,1
2444,60,41,0,0
2445,63,41,1,1
2446,64,41,0,0
2447,65,41,1,1
2448,67,41,1,1
2449,68,41,0,1
2450,71,41,0,0
2451,75,41,0,1
2452,77,41,0,1
2453,78,41,1,0
2454,79,41,1,1
2455,80,41,1,0
2456,81,41,0,1
2457,82,41,0,1
2458,83,41,0,0
2459,85,41,0,1
2460,87,41,0,1
2461,88,41,1,1
2462,92,41,1,0
2463,94,41,1,0
2464,96,41,0,0
2465,97,41,1,0
2466,0,42,0,1
2467,2,42,1,1
2468,5,42,0,0
2469,6,42,0,1
2470,7,42,0,0
2471,8,42,1,0
2472,9,42,0,1
2473,10,42,0,0
2474,11,42,0,0
2475,15,42,0,1
2476,16,42,0,0
2477,19,42,0,0
2478,21,42,0,0
2479,22,42,0,1
2480,24,42,1,0
2481,25,42,0,0
2482,27,42,0,1
2483,28,42,0,1
2484,29,42,0,1
2485,31,42,1,1
2486,32,42,0,1
2487,33,42,0,0
2488,34,42,1,1
2489,36,42,1,1
2490,37,42,0,0
2491,38,42,0,0
2492,40,42,0,0
2493,42,42,0,0
2494,43,42,1,1
2495,45,42,1,1
2496,46,42,0,1
2497,47,42,1,1
2498,48,42,0,1
2499,49,42,1,0
2500,50,42,1,1
2501,53,42,0,0
2502,54,42,0,0
2503,56,42,0,0
2504,60,42,0,0
2505,62,42,0,1
2506,64,42,1,0
2507,66,42,1,0
2508,67,42,1,0
2509,68,42,0,0
2510,70,42,0,0
2511,71,42,1,1
2512,72,42,1,0
2513,75,42,1,0
2514,81,42,1,1
2515,82,42,0,0
2516,85,42,1,0
2517,86,42,1,0
2518,87,42,1,1
2519,88,42,1,1
2520,89,42,0,0
2521,90,42,1,0
2522,91,42,0,1
2523,95,42,0,1
2524,96,42,1,1
2525,0,43,1,1
2526,1,43,0,0
2527,4,43,0,0
2528,5,43,0,0
2529,6,43,1,1
2530,9,43,1,0
2531,13,43,0,0
2532,14,43,0,1
2533,18,43,0,0
2534,22,43,1,1
2535,24,43,0,0
2536,25,43,0,1
2537,26,43,0,0
2538,29,43,0,0
2539,30,43,0,1
2540,32,43,0,1
2541,33,43,0,1
2542,37,43,0,1
2543,38,43,1,0
2544,39,43,0,0
2545,40,43,1,0
2546,41,43,1,0
2547,42,43,0,1
2548,44,43,0,0
2549,48,43,0,0
2550,49,43,0,1
2551,50,43,1,1
2552,52,43,0,0
2553,54,43,1,0
2554,56,43,0,0
2555,57,43,0,0
2556,58,43,0,0
2557,60,43,0,0
2558,64,43,0,1
2559,65,43,0,0
2560,66,43,0,0
2561,67,43,0,0
2562,68,43,1,0
2563,69,43,1,0
2564,70,43,1,0
2565,71,43,0,1
2566,73,43,0,0
2567,77,43,0,0
2568,80,43,0,0
2569,82,43,0,0
2570,83,43,0,1
2571,87,43,0,0
2572,89,43,1,1
2573,90,43,1,0
2574,91,43,1,0
2575,92,43,0,0
2576,93,43,0,1
2577,94,43,0,0
2578,95,43,1,0
2579,96,43,0,0
2580,0,44,0,0
2581,3,44,0,0
2582,6,44,0,0
2583,7,44,1,1
2584,8,44,1,1
2585,10,44,0,0
2586,11,44,0,1
2587,12,44,1,1
2588,13,44,0,0
2589,15,44,0,1
2590,17,44,0,0
2591,20,44,0,1
2592,25,44,0,1
2593,26,44,1,1
2594,27,44,1,0
2595,28,44,1,0
2596,29,44,1,0
2597,31,44,1,1
2598,32,44,1,0
2599,34,44,0,0
2600,35,44,0,1
2601,36,44,1,1
2602,40,44,0,1
2603,43,44,0,0
2604,44,44,1,0
2605,49,44,1,1
2606,53,44,1,1
2607,55,44,1,1
2608,56,44,0,0
2609,57,44,1,0
2610,58,44,0,1
2611,59,44,1,0
2612,61,44,0,0
2613,62,44,0,0
2614,64,44,1,1
2615,67,44,0,1
2616,69,44,1,0
2617,70,44,0,0
2618,71,44,0,1
2619,73,44,0,0
2620,75,44,1,1
2621,76,44,0,0
2622,79,44,0,1
2623,80,44,0,1
2624,81,44,0,1
2625,85,44,0,0
2626,87,44,1,1
2627,88,44,0,1
2628,89,44,1,1
2629,90,44,0,1
2630,92,44,0,1
2631,93,44,0,1
2632,94,44,0,0
2633,95,44,0,0
2634,0,45,0,1
2635,2,45,1,1
2636,3,45,0,0
2637,4,45,1,0
2638,5,45,0,0
2639,7,45,0,0
2640,9,45,1,1
2641,12,45,0,1
2642,13,45,0,0
2643,16,45,0,0
2644,17,45,0,0
2645,18,45,0,1
2646,26,45,1,1
2647,27,45,1,0
2648,28,45,1,1
2649,29,45,0,0
2650,32,45,0,0
2651,34,45,0,0
2652,35,45,0,0
2653,36,45,1,0
2654,39,45,1,0
2655,41,45,1,0
2656,42,45,0,1
2657,43,45,0,0
2658,47,45,0,0
2659,50,45,0,0
2660,51,45,1,0
2661,52,45,1,1
2662,53,45,0,0
2663,56,45,0,0
2664,57,45,0,1
2665,60,45,1,1
2666,61,45,0,0
2667,62,45,0,0
2668,63,45,0,0
2669,64,45,1,0
2670,65,45,0,1
2671,66,45,0,1
2672,70,45,1,1
2673,71,45,1,0
2674,72,45,0,0
2675,73,45,1,0
2676,75,45,1,1
2677,78,45,0,0
2678,79,45,1,1
2679,81,45,1,1
2680,83,45,1,0
2681,86,45,1,1
2682,87,45,0,1
2683,89,45,0,0
2684,90,45,0,1
2685,91,45,0,0
2686,92,45,0,0
2687,93,45,0,0
2688,95,45,1,1
2689,96,45,1,1
2690,97,45,0,0
2691,0,46,0,1
2692,1,46,0,1
2693,3,46,0,1
2694,4,46,1,0
2695,6,46,0,1
2696,7,46,0,0
2697,9,46,0,1
2698,10,46,1,1
2699,11,46,0,0
2700,16,46,1,1
2701,19,46,0,0
2702,20,46,1,0
2703,21,46,1,1
2704,22,46,1,1
2705,23,46,0,1
2706,24,46,0,0
2707,25,46,1,1
2708,26,46,0,0
2709,27,46,1,0
2710,28,46,1,0
2711,29,46,1,1
2712,31,46,1,1
2713,34,46,0,0
2714,36,46,0,1
2715,37,46,1,0
2716,42,46,0,1
2717,43,46,0,1
2718,44,46,1,0
2719,46,46,0,0
2720,47,46,0,0
2721,48,46,0,1
2722,49,46,1,1
2723,52,46,0,1
2724,53,46,0,1
2725,55,46,0,0
2726,58,46,1,0
2727,60,46,0,1
2728,62,46,1,1
2729,63,46,1,1
2730,64,46,0,0
2731,67,46,1,0
2732,70,46,0,1
2733,71,46,0,0
2734,75,46,0,1
2735,76,46,1,1
2736,77,46,1,0
2737,78,46,1,1
2738,79,46,1,1
2739,82,46,1,0
2740,83,46,0,0
2741,86,46,0,1
2742,87,46,1,0
2743,88,46,0,1
2744,89,46,1,1
2745,90,46,0,1
2746,92,46,0,0
2747,93,46,0,0
2748,95,46,1,0
2749,1,47,1,0
2750,2,47,0,0
2751,3,47,1,0
2752,5,47,0,1
2753,6,47,1,1
2754,7,47,1,0
2755,8,47,0,0
2756,9,47,1,0
2757,10,47,0,0
2758,11,47,0,1
2759,13,47,1,0
2760,15,47,0,0
2761,16,47,0,0
2762,17,47,1,1
2763,18,47,0,0
2764,25,47,1,0
2765,26,47,0,1
2766,27,47,0,0
2767,28,47,1,0
2768,30,47,1,1
2769,32,47,0,0
2770,35,47,0,0
2771,36,47,0,1
2772,37,47,0,0
2773,38,47,0,0
2774,39,47,0,0
2775,43,47,0,1
2776,46,47,0,0
2777,49,47,0,1
2778,50,47,1,1
2779,52,47,0,0
2780,53,47,0,0
2781,56,47,0,1
2782,58,47,0,0
2783,60,47,1,0
2784,61,47,1,0
2785,65,47,0,1
2786,66,47,0,0
2787,71,47,0,0
2788,72,47,0,0
2789,73,47,0,0
2790,74,47,0,1
2791,75,47,0,0
2792,77,47,1,1
2793,80,47,0,0
2794,81,47,1,0
2795,82,47,0,0
2796,83,47,1,1
2797,84,47,0,1
2798,85,47,0,1
2799,88,47,1,1
2800,91,47,1,0
2801,92,47,1,0
2802,93,47,1,1
2803,94,47,0,1
2804,95,47,0,1
2805,96,47,1,1
2806,97,47,1,0
2807,0,48,0,0
2808,1,48,0,0
2809,4,48,1,0
2810,8,48,0,0
2811,9,48,1,1
2812,11,48,1,1
2813,13,48,0,1
2814,14,48,1,1
2815,15,48,1,1
2816,17,48,0,0
2817,19,48,1,1
2818,21,48,0,1
2819,22,48,0,0
2820,24,48,1,1
2821,28,48,1,1
2822,29,48,1,0
2823,31,48,0,0
2824,32,48,1,1
2825,33,48,0,0
2826,35,48,0,0
2827,37,48,0,0
2828,38,48,1,1
2829,40,48,0,0
2830,41,48,0,0
2831,42,48,0,0
2832,44,48,1,1
2833,45,48,1,0
2834,46,48,0,1
2835,47,48,0,1
2836,49,48,1,0
2837,50,48,1,1
2838,52,48,0,1
2839,53,48,0,1
2840,55,48,0,1
2841,59,48,0,1
2842,60,48,0,0
2843,61,48,0,1
2844,64,48,1,0
2845,65,48,1,0
2846,67,48,1,0
2847,68,48,0,0
2848,69,48,0,0
2849,70,48,0,1
2850,71,48,1,0
2851,72,48,1,1
2852,73,48,0,0
2853,75,48,0,1
2854,76,48,0,1
2855,77,48,1,0
2856,78,48,1,1
2857,80,48,1,0
2858,81,48,0,0
2859,82,48,1,0
2860,83,48,0,0
2861,84,48,1,1
2862,86,48,1,0
2863,91,48,0,1
2864,92,48,0,1
2865,94,48,1,0
2866,95,48,1,0
2867,96,48,0,0
2868,97,48,0,0
2869,0,49,0,1
2870,3,49,0,0
2871,5,49,0,0
2872,7,49,0,0
2873,8,49,0,1
2874,10,49,0,0
2875,11,49,1,0
2876,14,49,0,0
2877,18,49,0,0
2878,23,49,1,0
2879,26,49,1,1
2880,29,49,0,0
2881,32,49,0,0
2882,35,49,0,0
2883,38,49,1,0
2884,41,49,1,1
2885,42,49,1,0
2886,43,49,0,1
2887,44,49,1,1
2888,46,49,1,1
2889,47,49,0,0
2890,51,49,1,0
2891,54,49,0,0
2892,55,49,0,0
2893,57,49,1,0
2894,59,49,0,1
2895,63,49,0,0
2896,64,49,0,0
2897,67,49,1,1
2898,68,49,0,0
2899,71,49,1,1
2900,72,49,0,1
2901,76,49,1,0
2902,77,49,1,1
2903,79,49,0,1
2904,81,49,0,1
2905,82,49,0,1
2906,84,49,1,1
2907,85,49,0,0
2908,87,49,1,0
2909,88,49,0,0
2910,89,49,1,1
2911,90,49,0,0
2912,94,49,1,1
2913,97,49,0,0
2914,3,50,1,1
2915,7,50,0,0
2916,10,50,1,0
2917,11,50,0,0
2918,12,50,0,0
2919,13,50,0,1
2920,14,50,0,1
2921,16,50,0,0
2922,17,50,1,1
2923,18,50,1,1
2924,19,50,1,0
2925,20,50,0,0
2926,21,50,0,0
2927,22,50,0,0
2928,23,50,1,1
2929,24,50,1,1
2930,25,50,0,1
2931,27,50,1,0
2932,32,50,1,0
2933,33,50,0,0
2934,34,50,1,1
2935,37,50,0,0
2936,39,50,1,0
2937,40,50,0,0
2938,43,50,0,1
2939,44,50,1,1
2940,46,50,1,1
2941,47,50,0,0
2942,48,50,0,0
2943,49,50,1,1
2944,50,50,0,1
2945,51,50,0,1
2946,55,50,1,0
2947,57,50,0,0
2948,58,50,1,0
2949,62,50,1,1
2950,63,50,0,1
2951,65,50,0,0
2952,66,50,0,1
2953,67,50,1,1
2954,68,50,1,1
2955,69,50,0,0
2956,71,50,1,1
2957,72,50,0,0
2958,73,50,0,0
2959,77,50,0,0
2960,80,50,0,1
2961,81,50,1,0
2962,82,50,0,0
2963,83,50,0,0
2964,86,50,0,1
2965,87,50,1,1
2966,88,50,0,0
2967,89,50,0,0
2968,91,50,1,1
2969,94,50,0,1
2970,95,50,1,1
2971,96,50,0,0
2972,97,50,0,0
2973,0,51,0,1
2974,1,51,1,1
2975,2,51,0,0
2976,3,51,0,0
2977,6,51,0,0
2978,8,51,0,0
2979,9,51,0,0
2980,11,51,1,1
2981,12,51,1,1
2982,14,51,1,0
2983,15,51,0,1
2984,16,51,0,0
2985,18,51,0,1
2986,19,51,0,1
2987,20,51,1,0
2988,23,51,1,0
2989,24,51,0,0
2990,25,51,1,0
2991,26,51,0,0
2992,27,51,0,1
2993,28,51,0,1
2994,31,51,0,0
2995,32,51,1,0
2996,33,51,0,1
2997,34,51,0,0
2998,37,51,1,1
2999,38,51,1,1
3000,41,51,0,0
3001,42,51,1,1
3002,43,51,1,1
3003,44,51,0,0
3004,45,51,1,0
3005,48,51,0,0
3006,49,51,1,0
3007,52,51,0,0
3008,53,51,1,0
3009,56,51,1,0
3010,57,51,1,1
3011,59,51,0,0
3012,60,51,0,1
3013,62,51,1,1
3014,63,51,1,1
3015,64,51,0,0
3016,66,51,0,0
3017,67,51,0,1
3018,68,51,0,0
3019,69,51,1,1
3020,71,51,0,0
3021,72,51,1,1
3022,73,51,1,1
3023,76,51,1,0
3024,77,51,1,0
3025,78,51,1,0
3026,80,51,1,1
3027,81,51,1,1
3028,82,51,0,0
3029,83,51,0,1
3030,84,51,0,1
3031,85,51,1,1
3032,86,51,0,0
3033,87,51,0,0
3034,88,51,0,0
3035,89,51,0,0
3036,90,51,0,1
3037,92,51,0,0
3038,94,51,0,0
3039,95,51,0,1
3040,97,51,0,1
3041,0,52,1,0
3042,1,52,1,1
3043,3,52,0,0
3044,4,52,1,1
3045,5,52,0,1
3046,6,52,1,0
3047,7,52,0,1
3048,8,52,1,1
3049,12,52,0,0
3050,14,52,0,1
3051,16,52,0,0
3052,17,52,0,0
3053,18,52,1,1
3054,19,52,0,0
3055,20,52,0,0
3056,22,52,0,0
3057,24,52,1,0
3058,25,52,1,0
3059,26,52,1,1
3060,27,52,1,1
3061,29,52,1,1
3062,30,52,1,0
3063,31,52,1,0
3064,33,52,0,0
3065,35,52,0,0
3066,39,52,1,1
3067,40,52,0,1
3068,41,52,0,1
3069,43,52,0,0
3070,44,52,1,0
3071,45,52,1,0
3072,46,52,1,1
3073,49,52,0,1
3074,51,52,1,1
3075,52,52,0,1
3076,53,52,0,0
3077,56,52,0,0
3078,57,52,1,0
3079,60,52,0,1
3080,62,52,0,0
3081,63,52,0,0
3082,64,52,1,1
3083,65,52,0,0
3084,66,52,0,1
3085,67,52,1,1
3086,68,52,0,1
3087,70,52,1,1
3088,71,52,1,0
3089,75,52,0,1
3090,81,52,0,0
3091,82,52,0,1
3092,83,52,0,0
3093,84,52,1,0
3094,85,52,1,0
3095,86,52,1,1
3096,87,52,0,0
3097,88,52,0,0
3098,90,52,0,1
3099,91,52,0,0
3100,95,52,0,1
3101,0,53,0,0
3102,1,53,0,1
3103,3,53,0,0
3104,4,53,0,0
3105,5,53,1,0
3106,7,53,1,0
3107,8,53,0,0
3108,10,53,1,1
3109,13,53,0,0
3110,17,53,0,0
3111,19,53,1,0
3112,21,53,0,0
3113,22,53,1,0
3114,23,53,0,0
3115,24,53,1,0
3116,25,53,1,0
3117,27,53,0,1
3118,28,53,0,0
3119,29,53,0,0
3120,30,53,1,1
3121,32,53,0,1
3122,33,53,0,0
3123,34,53,0,0
3124,35,53,0,0
3125,36,53,1,0
3126,42,53,1,1
3127,43,53,1,0
3128,44,53,1,0
3129,45,53,1,0
3130,48,53,1,0
3131,49,53,1,0
3132,50,53,0,0
3133,51,53,0,0
3134,52,53,0,1
3135,53,53,1,1
3136,54,53,0,1
3137,55,53,0,0
3138,56,53,1,1
3139,57,53,0,1
3140,60,53,0,1
3141,61,53,0,0
3142,62,53,1,0
3143,63,53,0,1
3144,65,53,1,1
3145,67,53,0,0
3146,68,53,0,0
3147,69,53,0,0
3148,71,53,0,1
3149,72,53,1,1
3150,73,53,0,1
3151,74,53,1,1
3152,75,53,0,0
3153,77,53,0,0
3154,78,53,1,0
3155,79,53,1,1
3156,81,53,1,0
3157,82,53,1,0
3158,83,53,0,0
3159,84,53,0,1
3160,86,53,0,1
3161,90,53,0,0
3162,91,53,0,0
3163,92,53,0,1
3164,94,53,0,1
3165,95,53,1,0
3166,96,53,0,1
3167,4,54,1,1
3168,6,54,0,0
3169,7,54,1,0
3170,8,54,1,1
3171,10,54,1,0
3172,16,54,0,0
3173,17,54,0,1
3174,24,54,1,1
3175,27,54,0,0
3176,28,54,0,1
3177,29,54,0,0
3178,30,54,0,0
3179,32,54,0,0
3180,33,54,0,0
3181,35,54,0,0
3182,37,54,0,0
3183,38,54,0,1
3184,40,54,0,0
3185,41,54,0,0
3186,42,54,1,0
3187,44,54,1,0
3188,47,54,0,0
3189,49,54,0,1
3190,50,54,0,0
3191,51,54,1,1
3192,54,54,0,1
3193,55,54,1,0
3194,56,54,1,1
3195,57,54,1,0
3196,58,54,1,1
3197,59,54,1,1
3198,60,54,0,0
3199,62,54,0,0
3200,63,54,1,0
3201,67,54,1,0
3202,69,54,0,1
3203,70,54,0,0
3204,72,54,0,0
3205,73,54,0,1
3206,74,54,0,0
3207,75,54,1,0
3208,77,54,0,0
3209,78,54,0,0
3210,80,54,0,0
3211,81,54,0,1
3212,82,54,0,0
3213,83,54,0,0
3214,85,54,0,0
3215,86,54,0,0
3216,88,54,0,0
3217,90,54,0,0
3218,91,54,0,1
3219,93,54,0,1
3220,95,54,1,1
3221,1,55,1,0
3222,3,55,0,1
3223,5,55,1,1
3224,6,55,0,0
3225,8,55,1,1
3226,11,55,0,1
3227,12,55,1,0
3228,14,55,1,1
3229,17,55,1,1
3230,18,55,1,0
3231,20,55,1,1
3232,21,55,1,1
3233,23,55,0,0
3234,24,55,0,0
3235,26,55,0,1
3236,29,55,1,1
3237,30,55,0,0
3238,33,55,1,1
3239,36,55,0,0
3240,38,55,1,1
3241,41,55,1,1
3242,43,55,0,0
3243,44,55,1,0
3244,45,55,1,1
3245,49,55,0,0
3246,51,55,1,1
3247,52,55,1,1
3248,53,55,0,1
3249,54,55,1,1
3250,55,55,1,1
3251,56,55,0,0
3252,57,55,1,1
3253,58,55,0,0
3254,61,55,1,0
3255,64,55,0,0
3256,65,55,1,0
3257,66,55,0,0
3258,67,55,0,0
3259,68,55,0,0
3260,70,55,1,0
3261,71,55,1,0
3262,72,55,0,1
3263,76,55,0,1
3264,79,55,1,1
3265,80,55,0,0
3266,81,55,0,0
3267,82,55,0,0
3268,85,55,0,1
3269,86,55,0,0
3270,87,55,0,0
3271,88,55,1,1
3272,90,55,0,1
3273,91,55,0,1
3274,95,55,1,0
3275,97,55,0,0
3276,1,56,1,0
3277,2,56,1,0
3278,4,56,0,0
3279,6,56,0,1
3280,7,56,1,1
3281,8,56,0,1
3282,9,56,0,1
3283,10,56,0,1
3284,12,56,1,0
3285,13,56,1,1
3286,15,56,1,0
3287,16,56,1,0
3288,17,56,1,1
3289,24,56,0,0
3290,25,56,1,1
3291,27,56,0,0
3292,28,56,1,0
3293,29,56,1,1
3294,32,56,0,1
3295,33,56,0,0
3296,35,56,0,0
3297,36,56,1,0
3298,37,56,1,1
3299,39,56,0,0
3300,40,56,0,0
3301,41,56,1,0
3302,43,56,1,0
3303,44,56,1,0
3304,45,56,0,0
3305,46,56,0,1
3306,47,56,1,0
3307,49,56,0,1
3308,51,56,0,0
3309,52,56,0,1
3310,54,56,0,0
3311,55,56,1,0
3312,57,56,1,0
3313,59,56,1,1
3314,60,56,0,0
3315,61,56,1,0
3316,62,56,1,1
3317,65,56,0,1
3318,66,56,1,0
3319,67,56,0,0
3320,68,56,0,0
3321,69,56,0,0
3322,71,56,1,0
3323,72,56,1,0
3324,73,56,0,0
3325,74,56,1,0
3326,78,56,1,1
3327,79,56,1,1
3328,80,56,0,1
3329,83,56,0,0
3330,88,56,0,1
3331,89,56,0,0
3332,91,56,1,0
3333,92,56,0,0
3334,93,56,0,1
3335,95,56,1,0
3336,96,56,1,0
3337,0,57,1,0
3338,1,57,0,0
3339,3,57,0,1
3340,4,57,0,0
3341,6,57,1,1
3342,7,57,1,1
3343,12,57,0,0
3344,13,57,0,0
3345,14,57,0,1
3346,15,57,1,1
3347,16,57,0,1
3348,17,57,0,0
3349,20,57,1,0
3350,23,57,0,0
3351,24,57,1,0
3352,27,57,0,0
3353,28,57,0,1
3354,29,57,0,0
3355,31,57,0,1
3356,33,57,0,0
3357,34,57,1,0
3358,35,57,0,1
3359,36,57,0,0
3360,39,57,1,0
3361,40,57,0,1
3362,42,57,1,1
3363,44,57,0,0
3364,46,57,0,1
3365,48,57,1,1
3366,49,57,1,1
3367,50,57,1,0
3368,52,57,1,0
3369,53,57,0,1
3370,56,57,1,1
3371,58,57,1,1
3372,59,57,0,1
3373,61,57,0,1
3374,62,57,1,1
3375,65,57,1,0
3376,66,57,1,1
3377,68,57,1,0
3378,71,57,1,1
3379,72,57,1,1
3380,76,57,0,1
3381,77,57,0,0
3382,78,57,0,0
3383,79,57,1,0
3384,80,57,1,0
3385,82,57,1,0
3386,83,57,0,0
3387,86,57,0,0
3388,87,57,0,1
3389,88,57,0,0
3390,89,57,0,0
3391,90,57,0,0
3392,91,57,1,0
3393,92,57,0,0
3394,94,57,1,0
3395,95,57,1,1
3396,96,57,0,0
3397,0,58,1,0
3398,1,58,0,1
3399,2,58,1,0
3400,4,58,1,1
3401,5,58,0,1
3402,7,58,0,0
3403,8,58,0,1
3404,11,58,1,0
3405,12,58,0,0
3406,13,58,0,0
3407,15,58,0,0
3408,16,58,0,1
3409,17,58,0,1
3410,18,58,1,1
3411,20,58,0,0
3412,21,58,0,1
3413,25,58,0,0
3414,27,58,1,1
3415,29,58,0,1
3416,30,58,1,0
3417,33,58,0,1
3418,35,58,0,0
3419,39,58,0,1
3420,44,58,1,1
3421,45,58,1,1
3422,46,58,0,0
3423,48,58,0,1
3424,49,58,1,1
3425,50,58,0,0
3426,52,58,0,1
3427,55,58,0,0
3428,59,58,1,0
3429,60,58,0,0
3430,64,58,1,0
3431,65,58,0,0
3432,66,58,0,1
3433,67,58,1,0
3434,68,58,0,0
3435,71,58,1,1
3436,73,58,0,0
3437,74,58,1,1
3438,75,58,1,0
3439,78,58,0,0
3440,81,58,1,0
3441,83,58,0,1
3442,86,58,1,1
3443,87,58,0,0
3444,90,58,1,0
3445,91,58,0,0
3446,92,58,0,0
3447,95,58,0,0
3448,96,58,1,1
3449,97,58,0,0
3450,0,59,0,0
3451,2,59,1,0
3452,3,59,1,1
3453,4,59,1,1
3454,5,59,0,0
3455,8,59,1,0
3456,9,59,1,1
3457,14,59,0,0
3458,17,59,0,0
3459,18,59,1,0
3460,20,59,0,0
3461,22,59,1,0
3462,24,59,0,1
3463,25,59,0,0
3464,26,59,1,0
3465,27,59,1,1
3466,28,59,1,0
3467,29,59,0,0
3468,32,59,0,0
3469,33,59,1,0
3470,36,59,1,0
3471,37,59,0,0
3472,38,59,0,0
3473,41,59,0,0
3474,45,59,1,1
3475,48,59,1,1
3476,50,59,0,0
3477,51,59,1,0
3478,53,59,0,0
3479,54,59,0,0
3480,55,59,1,1
3481,57,59,0,0
3482,58,59,0,0
3483,60,59,0,0
3484,62,59,0,0
3485,64,59,1,1
3486,65,59,0,0
3487,72,59,1,0
3488,73,59,0,1
3489,74,59,0,0
3490,75,59,0,0
3491,76,59,0,1
3492,79,59,0,0
3493,82,59,0,0
3494,83,59,0,1
3495,86,59,1,1
3496,87,59,1,0
3497,88,59,0,0
3498,89,59,0,0
3499,90,59,0,0
3500,93,59,0,0
3501,94,59,0,1
3502,95,59,0,0
3503,96,59,1,0
3504,97,59,1,0
3505,0,60,0,1
3506,2,60,0,0
3507,4,60,0,0
3508,6,60,0,0
3509,7,60,0,0
3510,9,60,1,1
3511,10,60,1,0
3512,12,60,0,0
3513,13,60,0,0
3514,16,60,0,0
3515,17,60,1,0
3516,20,60,1,0
3517,21,60,0,0
3518,22,60,0,0
3519,23,60,1,0
3520,24,60,1,0
3521,27,60,0,1
3522,29,60,0,0
3523,30,60,0,0
3524,32,60,0,0
3525,36,60,0,0
3526,38,60,0,1
3527,39,60,0,1
3528,40,60,0,0
3529,44,60,1,0
3530,45,60,1,1
3531,49,60,0,0
3532,50,60,0,1
3533,53,60,1,1
3534,58,60,0,0
3535,59,60,1,1
3536,60,60,1,0
3537,61,60,0,0
3538,62,60,0,0
3539,64,60,1,1
3540,65,60,1,0
3541,66,60,0,1
3542,67,60,1,1
3543,70,60,0,1
3544,71,60,1,0
3545,72,60,0,0
3546,77,60,0,1
3547,78,60,0,0
3548,79,60,0,0
3549,81,60,1,1
3550,82,60,0,0
3551,83,60,0,1
3552,84,60,1,1
3553,86,60,1,1
3554,87,60,1,0
3555,88,60,0,0
3556,91,60,1,0
3557,92,60,0,0
3558,93,60,0,1
3559,95,60,0,1
3560,96,60,0,1
3561,0,61,1,1
3562,2,61,0,1
3563,3,61,1,1
3564,6,61,1,1
3565,9,61,0,0
3566,10,61,0,0
3567,11,61,1,0
3568,12,61,0,0
3569,13,61,1,1
3570,14,61,1,1
3571,15,61,0,0
3572,16,61,0,0
3573,17,61,1,1
3574,18,61,1,1
3575,20,61,0,0
3576,21,61,1,1
3577,22,61,1,1
3578,24,61,0,1
3579,26,61,0,1
3580,28,61,1,0
3581,29,61,0,0
3582,31,61,1,1
3583,34,61,0,1
3584,38,61,0,0
3585,40,61,1,1
3586,42,61,0,0
3587,43,61,0,0
3588,44,61,1,0
3589,45,61,0,0
3590,46,61,0,0
3591,47,61,1,0
3592,49,61,1,0
3593,50,61,1,1
3594,53,61,0,1
3595,54,61,0,1
3596,57,61,0,0
3597,58,61,0,1
3598,61,61,1,1
3599,66,61,0,0
3600,68,61,1,0
3601,69,61,1,1
3602,72,61,0,0
3603,73,61,0,0
3604,74,61,0,1
3605,75,61,1,0
3606,77,61,0,0
3607,78,61,0,0
3608,83,61,1,1
3609,86,61,0,1
3610,87,61,0,0
3611,88,61,1,0
3612,90,61,1,1
3613,91,61,1,1
3614,93,61,1,0
3615,95,61,0,1
3616,97,61,1,0
3617,0,62,0,0
3618,1,62,0,0
3619,2,62,1,1
3620,4,62,0,1
3621,5,62,0,0
3622,6,62,0,0
3623,9,62,1,1
3624,10,62,0,0
3625,14,62,0,0
3626,15,62,0,0
3627,16,62,0,0
3628,17,62,0,0
3629,18,62,1,1
3630,19,62,0,1
3631,20,62,0,0
3632,21,62,0,0
3633,22,62,0,0
3634,23,62,1,1
3635,24,62,1,1
3636,25,62,0,0
3637,29,62,1,0
3638,31,62,0,0
3639,32,62,0,0
3640,34,62,0,0
3641,35,62,0,1
3642,36,62,1,1
3643,39,62,0,1
3644,40,62,0,1
3645,41,62,1,0
3646,43,62,0,0
3647,44,62,1,1
3648,47,62,0,1
3649,48,62,0,0
3650,50,62,0,1
3651,51,62,1,1
3652,52,62,0,1
3653,53,62,0,1
3654,56,62,0,0
3655,58,62,0,0
3656,62,62,0,1
3657,64,62,1,0
3658,65,62,0,0
3659,66,62,0,0
3660,67,62,1,0
3661,68,62,0,0
3662,69,62,0,0
3663,70,62,0,0
3664,72,62,0,0
3665,73,62,1,0
3666,75,62,0,1
3667,77,62,0,0
3668,78,62,0,0
3669,79,62,0,0
3670,80,62,1,1
3671,85,62,0,0
3672,86,62,1,1
3673,90,62,0,0
3674,91,62,0,0
3675,93,62,1,0
3676,94,62,1,1
3677,96,62,0,0
3678,97,62,0,0
3679,1,63,0,0
3680,2,63,0,1
3681,12,63,0,0
3682,15,63,1,0
3683,17,63,0,0
3684,18,63,1,0
3685,19,63,1,1
3686,20,63,0,0
3687,21,63,0,0
3688,22,63,0,0
3689,23,63,1,0
3690,25,63,1,1
3691,26,63,0,0
3692,28,63,1,0
3693,31,63,0,0
3694,32,63,0,0
3695,33,63,0,1
3696,34,63,1,0
3697,36,63,1,1
3698,39,63,1,0
3699,41,63,1,0
3700,42,63,1,1
3701,43,63,0,0
3702,44,63,1,0
3703,45,63,1,1
3704,46,63,0,0
3705,47,63,0,1
3706,48,63,1,0
3707,49,63,0,0
3708,50,63,0,0
3709,51,63,0,1
3710,53,63,0,0
3711,54,63,0,1
3712,56,63,1,0
3713,57,63,0,0
3714,58,63,0,0
3715,59,63,1,0
3716,61,63,0,0
3717,63,63,0,1
3718,64,63,0,0
3719,65,63,0,0
3720,69,63,0,0
3721,70,63,0,0
3722,71,63,1,0
3723,72,63,0,0
3724,75,63,0,1
3725,78,63,0,0
3726,79,63,1,1
3727,80,63,1,0
3728,84,63,1,0
3729,86,63,0,1
3730,87,63,1,0
3731,92,63,0,1
3732,94,63,1,1
3733,95,63,0,0
3734,97,63,0,0
3735,3,64,0,0
3736,5,64,0,1
3737,7,64,1,0
3738,8,64,0,0
3739,9,64,0,1
3740,13,64,1,0
3741,15,64,0,0
3742,16,64,0,0
3743,23,64,1,1
3744,26,64,0,1
3745,27,64,1,0
3746,30,64,0,0
3747,31,64,1,1
3748,32,64,0,0
3749,33,64,0,0
3750,35,64,0,1
3751,39,64,1,1
3752,40,64,0,0
3753,41,64,0,0
3754,42,64,0,0
3755,43,64,0,1
3756,44,64,1,1
3757,45,64,1,1
3758,46,64,1,1
3759,50,64,0,0
3760,51,64,1,1
3761,52,64,1,1
3762,54,64,0,0
3763,55,64,1,1
3764,56,64,0,0
3765,57,64,0,0
3766,60,64,0,0
3767,61,64,1,1
3768,62,64,0,0
3769,64,64,1,1
3770,65,64,1,0
3771,66,64,0,0
3772,69,64,0,0
3773,74,64,0,1
3774,75,64,0,1
3775,76,64,0,0
3776,78,64,0,0
3777,80,64,0,0
3778,81,64,0,0
3779,82,64,0,0
3780,83,64,0,1
3781,84,64,1,0
3782,86,64,0,0
3783,87,64,1,0
3784,89,64,0,0
3785,91,64,0,0
3786,93,64,0,0
3787,94,64,0,1
3788,95,64,1,1
3789,97,64,1,0
3790,0,65,0,0
3791,1,65,0,1
3792,2,65,1,0
3793,4,65,1,1
3794,5,65,0,0
3795,6,65,1,1
3796,7,65,1,1
3797,10,65,0,1
3798,13,65,1,0
3799,15,65,0,0
3800,18,65,1,0
3801,20,65,0,0
3802,21,65,0,0
3803,23,65,1,1
3804,27,65,0,1
3805,29,65,0,0
3806,31,65,1,0
3807,32,65,1,0
3808,34,65,1,0
3809,37,65,0,0
3810,38,65,0,0
3811,40,65,1,0
3812,41,65,0,0
3813,42,65,0,0
3814,44,65,0,0
3815,45,65,1,1
3816,48,65,0,0
3817,49,65,1,0
3818,51,65,1,1
3819,52,65,1,0
3820,54,65,1,0
3821,55,65,0,1
3822,56,65,1,0
3823,57,65,0,0
3824,58,65,0,0
3825,62,65,1,1
3826,63,65,0,0
3827,64,65,1,1
3828,65,65,0,0
3829,66,65,0,0
3830,67,65,1,1
3831,71,65,1,1
3832,72,65,0,0
3833,73,65,0,0
3834,75,65,1,0
3835,76,65,0,0
3836,77,65,0,0
3837,78,65,0,0
3838,79,65,0,0
3839,85,65,0,1
3840,88,65,0,0
3841,90,65,0,0
3842,93,65,0,1
3843,95,65,1,0
3844,96,65,1,0
3845,97,65,0,1
3846,0,66,0,0
3847,2,66,0,1
3848,3,66,1,0
3849,4,66,0,1
3850,5,66,1,0
3851,7,66,1,1
3852,8,66,1,1
3853,9,66,0,0
3854,10,66,0,0
3855,11,66,0,1
3856,12,66,0,1
3857,14,66,0,1
3858,16,66,1,0
3859,18,66,0,0
3860,20,66,1,1
3861,21,66,0,1
3862,22,66,0,1
3863,23,66,1,1
3864,24,66,1,0
3865,25,66,0,0
3866,26,66,0,0
3867,27,66,0,0
3868,28,66,0,0
3869,29,66,1,1
3870,30,66,0,1
3871,31,66,1,1
3872,33,66,1,1
3873,35,66,0,0
3874,37,66,1,1
3875,38,66,1,0
3876,39,66,0,0
3877,40,66,1,1
3878,42,66,0,0
3879,43,66,0,0
3880,48,66,0,0
3881,49,66,1,0
3882,50,66,1,0
3883,52,66,0,1
3884,53,66,0,0
3885,55,66,0,0
3886,58,66,0,0
3887,59,66,0,1
3888,60,66,1,0
3889,61,66,1,1
3890,62,66,0,0
3891,64,66,0,1
3892,65,66,0,0
3893,66,66,0,0
3894,67,66,1,0
3895,69,66,1,0
3896,71,66,0,0
3897,73,66,0,1
3898,75,66,0,0
3899,77,66,1,0
3900,80,66,1,0
3901,81,66,0,0
3902,86,66,1,1
3903,87,66,1,0
3904,89,66,1,0
3905,91,66,1,1
3906,94,66,0,0
3907,97,66,1,1
3908,0,67,0,1
3909,1,67,1,0
3910,4,67,1,0
3911,5,67,0,0
3912,9,67,1,1
3913,11,67,0,1
3914,12,67,1,0
3915,13,67,0,1
3916,14,67,0,0
3917,15,67,0,0
3918,16,67,0,1
3919,17,67,0,1
3920,18,67,1,1
3921,19,67,0,1
3922,21,67,0,1
3923,23,67,0,1
3924,24,67,1,1
3925,26,67,1,1
3926,28,67,1,1
3927,29,67,0,1
3928,31,67,1,1
3929,32,67,0,0
3930,33,67,0,0
3931,34,67,0,1
3932,35,67,0,0
3933,36,67,1,0
3934,37,67,1,0
3935,39,67,1,0
3936,40,67,0,0
3937,41,67,0,1
3938,43,67,1,0
3939,44,67,0,1
3940,45,67,1,0
3941,46,67,1,1
3942,47,67,0,1
3943,48,67,0,1
3944,49,67,0,0
3945,51,67,0,1
3946,52,67,1,0
3947,58,67,1,0
3948,59,67,1,0
3949,60,67,1,1
3950,62,67,0,1
3951,63,67,0,0
3952,65,67,0,0
3953,66,67,1,0
3954,67,67,1,1
3955,68,67,0,0
3956,71,67,0,0
3957,72,67,0,0
3958,73,67,0,0
3959,75,67,0,1
3960,76,67,0,0
3961,77,67,0,1
3962,78,67,0,1
3963,79,67,1,0
3964,82,67,0,0
3965,84,67,1,0
3966,85,67,1,0
3967,86,67,1,0
3968,87,67,1,1
3969,88,67,1,0
3970,91,67,1,0
3971,92,67,0,0
3972,93,67,0,0
3973,94,67,1,1
3974,95,67,0,0
3975,96,67,1,1
3976,97,67,0,1
3977,0,68,1,0
3978,1,68,0,0
3979,3,68,1,1
3980,4,68,1,1
3981,6,68,0,1
3982,7,68,0,1
3983,8,68,1,1
3984,9,68,0,0
3985,10,68,1,0
3986,17,68,0,0
3987,20,68,1,0
3988,23,68,1,1
3989,24,68,1,0
3990,25,68,0,1
3991,26,68,1,1
3992,31,68,1,1
3993,32,68,0,0
3994,33,68,0,0
3995,35,68,0,0
3996,37,68,0,0
3997,38,68,0,0
3998,40,68,0,0
3999,42,68,0,0
4000,44,68,1,0
4001,46,68,1,1
4002,47,68,1,1
4003,48,68,1,0
4004,49,68,0,0
4005,55,68,0,1
4006,56,68,0,1
4007,57,68,1,0
4008,59,68,1,1
4009,60,68,1,0
4010,63,68,0,1
4011,64,68,1,0
4012,65,68,0,0
4013,67,68,1,0
4014,69,68,0,0
4015,70,68,0,0
4016,71,68,1,1
4017,75,68,1,1
4018,76,68,0,1
4019,77,68,0,0
4020,78,68,0,0
4021,80,68,1,1
4022,81,68,0,0
4023,82,68,0,1
4024,84,68,1,1
4025,86,68,1,1
4026,89,68,0,1
4027,90,68,0,0
4028,91,68,0,1
4029,92,68,0,1
4030,93,68,0,0
4031,94,68,1,0
4032,97,68,0,0
4033,0,69,0,0
4034,1,69,1,1
4035,2,69,0,0
4036,4,69,0,0
4037,6,69,0,1
4038,7,69,0,0
4039,10,69,0,1
4040,14,69,0,0
4041,15,69,0,0
4042,16,69,0,0
4043,17,69,1,1
4044,19,69,0,0
4045,22,69,1,1
4046,23,69,0,0
4047,24,69,0,1
4048,25,69,0,0
4049,26,69,0,0
4050,27,69,0,0
4051,28,69,0,1
4052,29,69,0,0
4053,31,69,0,0
4054,33,69,1,1
4055,34,69,0,0
4056,35,69,1,0
4057,36,69,0,0
4058,37,69,1,0
4059,39,69,1,0
4060,40,69,0,0
4061,45,69,0,1
4062,48,69,0,0
4063,49,69,0,1
4064,52,69,0,1
4065,54,69,0,0
4066,56,69,0,0
4067,57,69,0,0
4068,58,69,1,1
4069,59,69,0,0
4070,60,69,0,0
4071,61,69,1,0
4072,62,69,0,0
4073,63,69,1,0
4074,64,69,0,0
4075,65,69,0,0
4076,68,69,1,0
4077,69,69,1,1
4078,70,69,1,1
4079,71,69,0,0
4080,72,69,0,0
4081,73,69,0,0
4082,76,69,1,1
4083,77,69,1,0
4084,78,69,0,0
4085,81,69,1,0
4086,83,69,1,0
4087,84,69,0,1
4088,85,69,0,0
4089,89,69,1,1
4090,90,69,1,0
4091,91,69,1,1
4092,92,69,1,1
4093,94,69,1,0
4094,95,69,0,0
4095,97,69,1,1
4096,0,70,0,0
4097,1,70,0,0
4098,3,70,1,1
4099,5,70,0,0
4100,6,70,1,1
4101,7,70,1,0
4102,8,70,1,0
4103,9,70,1,1
4104,10,70,0,0
4105,11,70,0,0
4106,12,70,0,0
4107,14,70,0,1
4108,16,70,0,0
4109,17,70,1,1
4110,18,70,1,0
4111,19,70,0,0
4112,21,70,0,0
4113,22,70,1,1
4114,23,70,1,1
4115,24,70,0,1
4116,25,70,0,0
4117,26,70,0,1
4118,27,70,0,1
4119,31,70,0,1
4120,32,70,0,0
4121,34,70,0,1
4122,36,70,0,0
4123,38,70,0,0
4124,40,70,1,1
4125,43,70,0,0
4126,44,70,0,1
4127,46,70,1,1
4128,47,70,1,0
4129,48,70,0,0
4130,51,70,1,0
4131,52,70,0,1
4132,56,70,0,0
4133,57,70,1,0
4134,58,70,0,0
4135,60,70,0,0
4136,61,70,1,1
4137,62,70,0,0
4138,65,70,0,0
4139,68,70,0,0
4140,69,70,0,1
4141,71,70,0,1
4142,72,70,0,0
4143,73,70,1,0
4144,74,70,0,0
4145,75,70,0,0
4146,77,70,0,1
4147,78,70,0,1
4148,79,70,0,1
4149,80,70,0,1
4150,82,70,0,0
4151,86,70,1,0
4152,88,70,0,1
4153,89,70,1,1
4154,90,70,1,1
4155,91,70,1,1
4156,93,70,1,1
4157,94,70,0,1
4158,95,70,0,1
4159,96,70,1,0
4160,97,70,1,1
4161,1,71,0,0
4162,2,71,0,1
4163,4,71,0,1
4164,5,71,1,1
4165,7,71,0,0
4166,8,71,0,1
4167,9,71,0,0
4168,11,71,1,0
4169,12,71,0,1
4170,13,71,1,0
4171,14,71,0,0
4172,18,71,0,0
4173,21,71,0,1
4174,22,71,1,0
4175,24,71,0,0
4176,25,71,1,1
4177,26,71,0,0
4178,27,71,1,1
4179,29,71,1,1
4180,30,71,0,1
4181,31,71,0,0
4182,32,71,1,0
4183,33,71,0,0
4184,35,71,0,0
4185,38,71,1,1
4186,39,71,1,1
4187,41,71,1,0
4188,43,71,1,1
4189,44,71,0,0
4190,45,71,0,1
4191,46,71,0,0
4192,48,71,1,1
4193,49,71,1,1
4194,50,71,1,0
4195,52,71,0,1
4196,53,71,1,0
4197,54,71,1,1
4198,58,71,1,0
4199,61,71,0,1
4200,62,71,0,1
4201,64,71,0,0
4202,66,71,1,1
4203,68,71,0,0
4204,70,71,0,0
4205,71,71,0,0
4206,74,71,0,1
4207,75,71,0,1
4208,76,71,0,1
4209,77,71,0,0
4210,79,71,1,1
4211,80,71,1,0
4212,81,71,0,1
4213,83,71,0,0
4214,84,71,1,0
4215,85,71,1,1
4216,86,71,0,0
4217,87,71,0,0
4218,89,71,0,0
4219,90,71,1,0
4220,92,71,0,0
4221,93,71,1,0
4222,94,71,0,0
4223,0,72,0,1
4224,2,72,0,0
4225,3,72,1,1
4226,4,72,1,1
4227,5,72,1,0
4228,6,72,0,0
4229,7,72,1,0
4230,8,72,1,0
4231,10,72,1,0
4232,11,72,1,0
4233,13,72,1,1
4234,14,72,0,1
4235,15,72,0,1
4236,16,72,1,0
4237,17,72,0,0
4238,19,72,0,0
4239,20,72,0,1
4240,21,72,1,1
4241,22,72,1,1
4242,23,72,0,0
4243,24,72,1,1
4244,25,72,0,1
4245,28,72,1,0
4246,29,72,1,0
4247,30,72,0,0
4248,31,72,1,1
4249,33,72,0,0
4250,34,72,1,1
4251,35,72,0,0
4252,37,72,0,0
4253,38,72,0,1
4254,40,72,1,0
4255,42,72,0,1
4256,44,72,1,1
4257,45,72,1,0
4258,47,72,0,1
4259,48,72,1,0
4260,49,72,0,0
4261,51,72,1,0
4262,53,72,0,0
4263,55,72,1,0
4264,58,72,0,0
4265,59,72,1,1
4266,60,72,0,0
4267,61,72,0,1
4268,62,72,1,0
4269,63,72,0,0
4270,64,72,1,1
4271,66,72,0,0
4272,67,72,1,0
4273,68,72,0,0
4274,69,72,1,0
4275,70,72,0,0
4276,71,72,0,0
4277,72,72,0,0
4278,73,72,1,1
4279,75,72,1,0
4280,76,72,0,1
4281,77,72,0,0
4282,78,72,0,0
4283,81,72,1,1
4284,85,72,1,0
4285,90,72,0,0
4286,91,72,1,0
4287,94,72,0,0
4288,95,72,0,0
4289,96,72,0,1
4290,0,73,1,1
4291,2,73,0,0
4292,6,73,0,0
4293,7,73,1,1
4294,9,73,1,1
4295,11,73,1,1
4296,12,73,1,1
4297,13,73,1,1
4298,14,73,0,0
4299,15,73,0,0
4300,16,73,1,1
4301,17,73,1,0
4302,20,73,1,0
4303,22,73,0,0
4304,23,73,0,1
4305,25,73,0,1
4306,26,73,0,0
4307,31,73,1,0
4308,34,73,0,0
4309,35,73,0,0
4310,36,73,0,1
4311,37,73,1,1
4312,38,73,0,0
4313,39,73,0,1
4314,40,73,1,0
4315,41,73,0,1
4316,42,73,1,0
4317,45,73,1,0
4318,49,73,1,0
4319,50,73,0,1
4320,51,73,1,0
4321,52,73,1,1
4322,54,73,0,0
4323,56,73,1,1
4324,57,73,1,1
4325,58,73,1,1
4326,59,73,0,1
4327,61,73,0,0
4328,62,73,1,0
4329,63,73,0,0
4330,67,73,0,0
4331,68,73,1,1
4332,69,73,0,0
4333,70,73,0,0
4334,73,73,0,0
4335,74,73,1,0
4336,75,73,0,0
4337,76,73,1,0
4338,79,73,1,0
4339,82,73,1,1
4340,83,73,0,0
4341,84,73,1,1
4342,85,73,0,1
4343,89,73,0,1
4344,90,73,0,1
4345,92,73,0,0
4346,93,73,0,0
4347,94,73,0,1
4348,95,73,1,1
4349,96,73,1,1
4350,0,74,0,0
4351,1,74,1,0
4352,2,74,1,0
4353,3,74,0,1
4354,4,74,0,0
4355,7,74,0,0
4356,9,74,1,0
4357,10,74,0,0
4358,11,74,1,0
4359,12,74,0,1
4360,13,74,1,0
4361,15,74,0,0
4362,16,74,1,0
4363,18,74,0,1
4364,19,74,1,0
4365,20,74,0,0
4366,21,74,0,1
4367,24,74,1,1
4368,25,74,0,1
4369,26,74,0,1
4370,29,74,1,0
4371,31,74,1,1
4372,32,74,0,0
4373,33,74,1,0
4374,34,74,1,0
4375,35,74,0,0
4376,37,74,0,1
4377,38,74,0,0
4378,39,74,1,1
4379,41,74,0,1
4380,42,74,0,0
4381,45,74,1,0
4382,49,74,0,1
4383,50,74,0,0
4384,53,74,0,0
4385,55,74,0,0
4386,56,74,0,0
4387,57,74,1,0
4388,58,74,0,0
4389,63,74,0,1
4390,65,74,0,0
4391,67,74,1,0
4392,70,74,0,1
4393,71,74,1,0
4394,72,74,0,1
4395,73,74,0,0
4396,76,74,0,1
4397,79,74,0,1
4398,80,74,1,1
4399,81,74,0,0
4400,83,74,0,1
4401,85,74,0,0
4402,86,74,0,1
4403,89,74,0,1
4404,90,74,1,0
4405,91,74,0,0
4406,92,74,0,0
4407,93,74,0,0
4408,94,74,1,1
4409,95,74,0,0
4410,96,74,1,1
4411,97,74,0,1
4412,1,75,0,1
4413,3,75,0,1
4414,4,75,0,0
4415,5,75,1,1
4416,6,75,0,1
4417,7,75,1,0
4418,8,75,1,1
4419,9,75,0,0
4420,11,75,1,1
4421,12,75,1,1
4422,14,75,1,0
4423,15,75,1,1
4424,16,75,0,0
4425,17,75,1,0
4426,18,75,1,0
4427,20,75,1,0
4428,21,75,0,0
4429,22,75,0,1
4430,24,75,1,1
4431,27,75,0,0
4432,29,75,1,0
4433,30,75,1,0
4434,31,75,0,0
4435,33,75,1,0
4436,34,75,0,1
4437,36,75,1,0
4438,37,75,1,1
4439,39,75,1,0
4440,41,75,0,0
4441,44,75,0,0
4442,45,75,0,0
4443,46,75,0,0
4444,47,75,0,0
4445,48,75,1,1
4446,54,75,1,0
4447,55,75,0,1
4448,57,75,1,0
4449,60,75,1,0
4450,63,75,0,0
4451,64,75,0,0
4452,67,75,0,1
4453,69,75,1,1
4454,70,75,0,0
4455,72,75,1,0
4456,73,75,0,1
4457,74,75,1,1
4458,77,75,0,1
4459,78,75,1,0
4460,79,75,1,1
4461,82,75,0,1
4462,84,75,0,1
4463,85,75,1,1
4464,87,75,0,0
4465,88,75,1,0
4466,89,75,0,0
4467,92,75,1,0
4468,93,75,0,0
4469,96,75,1,0
4470,0,76,0,0
4471,1,76,1,0
4472,2,76,1,1
4473,3,76,0,0
4474,4,76,1,0
4475,9,76,1,0
4476,10,76,1,0
4477,11,76,0,0
4478,13,76,0,0
4479,14,76,1,1
4480,15,76,0,0
4481,18,76,0,0
4482,19,76,1,0
4483,21,76,0,0
4484,23,76,0,0
4485,25,76,0,1
4486,29,76,0,0
4487,30,76,0,1
4488,31,76,1,0
4489,33,76,0,1
4490,34,76,1,1
4491,37,76,0,0
4492,38,76,0,0
4493,42,76,0,0
4494,43,76,0,1
4495,45,76,1,1
4496,46,76,1,1
4497,47,76,0,0
4498,48,76,0,1
4499,49,76,0,0
4500,50,76,1,1
4501,51,76,0,1
4502,54,76,0,0
4503,55,76,1,0
4504,57,76,1,0
4505,58,76,0,0
4506,59,76,0,1
4507,61,76,1,0
4508,62,76,0,1
4509,63,76,1,0
4510,64,76,0,0
4511,67,76,1,1
4512,68,76,0,0
4513,69,76,0,0
4514,70,76,0,1
4515,73,76,0,0
4516,74,76,1,1
4517,78,76,0,1
4518,81,76,0,0
4519,82,76,1,0
4520,83,76,0,0
4521,85,76,0,0
4522,87,76,1,1
4523,91,76,0,0
4524,93,76,0,0
4525,94,76,1,1
4526,95,76,0,1
4527,96,76,1,0
4528,1,77,1,1
4529,2,77,0,0
4530,4,77,0,1
4531,6,77,1,0
4532,7,77,0,1
4533,8,77,0,1
4534,9,77,0,1
4535,11,77,0,1
4536,13,77,1,1
4537,16,77,0,0
4538,17,77,0,1
4539,18,77,0,1
4540,20,77,1,1
4541,23,77,1,0
4542,25,77,0,0
4543,26,77,0,0
4544,27,77,0,0
4545,29,77,0,0
4546,30,77,0,0
4547,31,77,0,0
4548,35,77,0,0
4549,37,77,0,0
4550,39,77,0,1
4551,42,77,1,0
4552,45,77,0,1
4553,46,77,0,1
4554,47,77,1,1
4555,48,77,1,0
4556,50,77,0,1
4557,51,77,1,1
4558,53,77,0,0
4559,54,77,0,1
4560,57,77,0,0
4561,58,77,0,0
4562,60,77,1,1
4563,61,77,0,1
4564,62,77,0,0
4565,66,77,0,1
4566,67,77,0,0
4567,68,77,0,1
4568,72,77,0,0
4569,73,77,0,0
4570,76,77,1,1
4571,78,77,0,0
4572,79,77,0,1
4573,80,77,1,0
4574,81,77,0,0
4575,82,77,0,0
4576,83,77,1,1
4577,84,77,0,0
4578,85,77,0,0
4579,86,77,1,0
4580,87,77,0,0
4581,88,77,1,0
4582,89,77,1,1
4583,91,77,1,0
4584,92,77,1,1
4585,93,77,0,0
4586,94,77,0,0
4587,95,77,0,1
4588,97,77,1,0
4589,0,78,0,0
4590,1,78,0,0
4591,4,78,1,1
4592,5,78,0,1
4593,6,78,0,0
4594,8,78,1,0
4595,10,78,0,1
4596,14,78,0,0
4597,19,78,0,1
4598,20,78,0,0
4599,21,78,0,1
4600,23,78,1,1
4601,24,78,1,1
4602,25,78,0,0
4603,26,78,0,0
4604,28,78,1,0
4605,30,78,0,1
4606,31,78,1,0
4607,32,78,0,0
4608,34,78,1,1
4609,36,78,0,1
4610,37,78,1,0
4611,38,78,1,0
4612,41,78,0,0
4613,42,78,1,1
4614,43,78,0,0
4615,44,78,1,1
4616,45,78,0,1
4617,49,78,0,1
4618,50,78,0,1
4619,51,78,1,0
4620,53,78,0,1
4621,56,78,0,0
4622,58,78,1,0
4623,59,78,1,0
4624,60,78,0,0
4625,61,78,0,0
4626,63,78,0,0
4627,64,78,0,0
4628,65,78,1,0
4629,66,78,0,0
4630,67,78,1,1
4631,68,78,0,1
4632,71,78,0,1
4633,73,78,0,0
4634,75,78,1,1
4635,78,78,0,0
4636,79,78,1,0
4637,80,78,0,0
4638,82,78,0,1
4639,83,78,0,1
4640,85,78,0,0
4641,87,78,1,0
4642,88,78,1,1
4643,89,78,0,0
4644,92,78,0,0
4645,93,78,0,1
4646,94,78,1,0
4647,95,78,0,0
4648,96,78,1,0
4649,97,78,0,0
4650,3,79,0,1
4651,4,79,0,1
4652,5,79,1,1
4653,7,79,1,1
4654,9,79,0,1
4655,12,79,1,1
4656,13,79,0,0
4657,14,79,0,1
4658,15,79,1,1
4659,17,79,0,1
4660,20,79,1,1
4661,21,79,0,0
4662,24,79,1,0
4663,25,79,0,0
4664,26,79,0,1
4665,27,79,1,0
4666,28,79,0,1
4667,29,79,1,1
4668,30,79,1,1
4669,34,79,0,0
4670,37,79,1,0
4671,38,79,1,0
4672,39,79,0,0
4673,40,79,0,0
4674,42,79,1,1
4675,44,79,1,1
4676,45,79,1,1
4677,48,79,1,0
4678,49,79,0,0
4679,50,79,1,0
4680,51,79,0,0
4681,52,79,1,0
4682,53,79,1,1
4683,54,79,0,0
4684,55,79,1,0
4685,57,79,1,0
4686,59,79,0,0
4687,60,79,0,0
4688,62,79,1,1
4689,63,79,0,1
4690,64,79,0,0
4691,65,79,1,0
4692,66,79,1,1
4693,71,79,0,1
4694,72,79,1,0
4695,73,79,1,0
4696,75,79,0,0
4697,76,79,0,0
4698,78,79,0,1
4699,79,79,1,1
4700,80,79,1,1
4701,81,79,1,0
4702,83,79,1,0
4703,86,79,0,0
4704,87,79,0,1
4705,88,79,0,0
4706,89,79,0,0
4707,90,79,0,0
4708,91,79,0,0
4709,93,79,0,0
4710,94,79,0,1
4711,96,79,0,0
4712,1,80,1,1
4713,3,80,0,1
4714,4,80,0,1
4715,11,80,1,1
4716,13,80,1,0
4717,14,80,1,0
4718,16,80,0,0
4719,17,80,0,0
4720,18,80,0,0
4721,19,80,0,1
4722,20,80,1,1
4723,21,80,0,0
4724,22,80,0,0
4725,24,80,0,1
4726,27,80,0,0
4727,28,80,0,0
4728,29,80,1,1
4729,31,80,0,1
4730,32,80,0,1
4731,33,80,0,0
4732,35,80,0,0
4733,36,80,0,0
4734,38,80,1,0
4735,39,80,0,1
4736,41,80,0,0
4737,43,80,1,0
4738,44,80,0,0
4739,46,80,0,0
4740,47,80,1,0
4741,51,80,1,0
4742,52,80,0,0
4743,53,80,1,1
4744,54,80,0,1
4745,56,80,1,1
4746,57,80,0,1
4747,58,80,1,0
4748,61,80,0,0
4749,63,80,1,1
4750,68,80,0,0
4751,69,80,0,0
4752,70,80,0,1
4753,71,80,0,1
4754,72,80,1,1
4755,73,80,0,1
4756,74,80,1,0
4757,75,80,0,0
4758,76,80,0,1
4759,77,80,1,1
4760,78,80,1,1
4761,79,80,1,0
4762,80,80,1,1
4763,83,80,0,0
4764,85,80,1,1
4765,86,80,0,1
4766,90,80,0,0
4767,91,80,0,0
4768,92,80,0,0
4769,93,80,0,1
4770,94,80,0,0
4771,95,80,1,1
4772,96,80,0,0
4773,0,81,1,1
4774,1,81,1,1
4775,3,81,0,0
4776,5,81,0,1
4777,6,81,1,1
4778,7,81,0,1
4779,8,81,0,0
4780,10,81,0,0
4781,11,81,0,0
4782,12,81,0,0
4783,15,81,0,0
4784,16,81,0,0
4785,17,81,0,0
4786,18,81,0,1
4787,19,81,1,0
4788,23,81,1,1
4789,24,81,1,1
4790,26,81,0,0
4791,27,81,0,0
4792,28,81,0,1
4793,29,81,1,0
4794,32,81,0,0
4795,33,81,1,0
4796,40,81,0,0
4797,43,81,0,0
4798,44,81,0,0
4799,46,81,1,0
4800,47,81,1,0
4801,48,81,1,0
4802,49,81,0,1
4803,50,81,1,1
4804,51,81,1,0
4805,52,81,0,0
4806,53,81,0,1
4807,56,81,1,0
4808,58,81,0,0
4809,59,81,0,0
4810,60,81,1,0
4811,62,81,1,1
4812,64,81,0,0
4813,65,81,0,0
4814,66,81,0,1
4815,68,81,0,0
4816,70,81,1,0
4817,72,81,1,1
4818,73,81,0,0
4819,74,81,1,1
4820,75,81,1,0
4821,78,81,1,0
4822,79,81,0,0
4823,82,81,0,1
4824,83,81,0,1
4825,85,81,0,0
4826,86,81,0,1
4827,87,81,0,0
4828,88,81,1,1
4829,89,81,1,1
4830,90,81,0,1
4831,92,81,1,1
4832,93,81,1,1
4833,95,81,1,0
4834,96,81,0,1
4835,0,82,0,1
4836,2,82,1,0
4837,3,82,1,0
4838,4,82,1,1
4839,5,82,0,1
4840,6,82,0,0
4841,9,82,1,0
4842,11,82,0,0
4843,15,82,0,0
4844,16,82,1,1
4845,19,82,0,0
4846,20,82,0,1
4847,21,82,1,1
4848,22,82,0,0
4849,23,82,1,1
4850,24,82,1,1
4851,25,82,0,0
4852,26,82,1,0
4853,28,82,0,1
4854,29,82,0,0
4855,30,82,0,0
4856,33,82,0,0
4857,34,82,1,0
4858,37,82,0,1
4859,40,82,0,1
4860,42,82,0,0
4861,43,82,0,0
4862,44,82,1,1
4863,48,82,0,0
4864,50,82,1,0
4865,51,82,1,0
4866,52,82,1,0
4867,53,82,1,1
4868,54,82,0,1
4869,55,82,1,1
4870,57,82,1,0
4871,60,82,0,1
4872,61,82,0,0
4873,62,82,0,1
4874,63,82,0,1
4875,64,82,1,1
4876,65,82,0,0
4877,67,82,0,0
4878,68,82,0,1
4879,69,82,1,0
4880,70,82,0,1
4881,72,82,0,1
4882,73,82,0,0
4883,74,82,0,0
4884,75,82,1,0
4885,77,82,1,0
4886,79,82,1,0
4887,80,82,0,0
4888,81,82,0,1
4889,84,82,1,0
4890,85,82,0,1
4891,86,82,1,0
4892,87,82,1,1
4893,88,82,0,1
4894,90,82,0,0
4895,91,82,0,0
4896,93,82,0,0
4897,94,82,1,1
4898,95,82,1,1
4899,97,82,0,0
4900,2,83,1,1
4901,5,83,0,0
4902,6,83,1,0
4903,7,83,0,1
4904,8,83,1,0
4905,10,83,0,0
4906,11,83,0,1
4907,12,83,0,0
4908,13,83,0,1
4909,14,83,1,1
4910,15,83,0,0
4911,16,83,0,0
4912,18,83,0,0
4913,19,83,1,0
4914,20,83,1,0
4915,22,83,0,1
4916,24,83,0,0
4917,26,83,0,1
4918,29,83,1,1
4919,30,83,0,1
4920,31,83,0,1
4921,32,83,0,0
4922,34,83,1,0
4923,35,83,0,1
4924,38,83,0,0
4925,39,83,0,1
4926,40,83,0,0
4927,41,83,0,0
4928,42,83,0,1
4929,47,83,0,0
4930,48,83,0,0
4931,50,83,0,0
4932,52,83,0,0
4933,54,83,0,0
4934,55,83,0,0
4935,56,83,0,0
4936,57,83,1,0
4937,58,83,0,0
4938,59,83,0,0
4939,61,83,1,0
4940,62,83,0,1
4941,63,83,0,0
4942,65,83,0,1
4943,66,83,0,0
4944,67,83,0,0
4945,68,83,0,1
4946,69,83,0,0
4947,70,83,0,0
4948,71,83,0,0
4949,72,83,1,0
4950,73,83,0,0
4951,75,83,0,0
4952,77,83,1,0
4953,78,83,0,0
4954,79,83,0,1
4955,80,83,0,1
4956,83,83,1,1
4957,84,83,0,0
4958,88,83,1,0
4959,89,83,1,1
4960,90,83,1,1
4961,91,83,1,0
4962,93,83,0,0
4963,97,83,1,1
4964,2,84,1,1
4965,5,84,0,1
4966,6,84,1,0
4967,7,84,0,0
4968,9,84,0,1
4969,11,84,0,1
4970,12,84,1,1
4971,13,84,0,1
4972,16,84,0,0
4973,20,84,0,1
4974,23,84,1,1
4975,25,84,0,0
4976,28,84,1,1
4977,32,84,1,1
4978,34,84,0,1
4979,36,84,0,1
4980,37,84,0,0
4981,38,84,0,0
4982,41,84,0,1
4983,42,84,0,0
4984,43,84,0,0
4985,45,84,0,0
4986,46,84,0,1
4987,49,84,1,1
4988,52,84,1,1
4989,53,84,0,0
4990,54,84,0,0
4991,55,84,1,0
4992,57,84,0,1
4993,59,84,1,1
4994,62,84,1,0
4995,63,84,0,0
4996,65,84,0,0
4997,67,84,1,0
4998,68,84,0,1
4999,69,84,0,0
5000,70,84,0,1
5001,71,84,1,1
5002,72,84,0,0
5003,74,84,0,0
5004,75,84,1,0
5005,77,84,0,1
5006,79,84,0,0
5007,80,84,0,0
5008,81,84,0,0
5009,85,84,1,0
5010,86,84,1,0
5011,87,84,0,1
5012,88,84,0,0
5013,90,84,0,0
5014,93,84,0,0
5015,94,84,1,1
5016,95,84,0,0
5017,1,85,1,1
5018,3,85,1,1
5019,4,85,0,0
5020,7,85,0,0
5021,8,85,1,1
5022,9,85,0,0
5023,12,85,1,0
5024,13,85,1,1
5025,14,85,0,1
5026,16,85,0,0
5027,17,85,1,1
5028,19,85,0,0
5029,21,85,1,1
5030,22,85,0,1
5031,23,85,1,0
5032,24,85,0,0
5033,26,85,1,0
5034,27,85,0,0
5035,28,85,0,0
5036,29,85,0,0
5037,30,85,0,0
5038,32,85,0,0
5039,34,85,0,0
5040,36,85,0,1
5041,37,85,0,0
5042,38,85,1,0
5043,39,85,0,0
5044,41,85,1,1
5045,42,85,1,0
5046,44,85,1,0
5047,45,85,0,0
5048,48,85,0,0
5049,51,85,0,1
5050,52,85,0,0
5051,53,85,0,0
5052,54,85,1,0
5053,56,85,1,1
5054,61,85,0,0
5055,63,85,1,0
5056,64,85,0,1
5057,66,85,0,0
5058,69,85,0,1
5059,72,85,0,1
5060,74,85,1,0
5061,75,85,0,0
5062,76,85,1,1
5063,78,85,0,1
5064,79,85,0,0
5065,81,85,0,0
5066,83,85,1,1
5067,84,85,0,0
5068,85,85,0,0
5069,87,85,0,1
5070,88,85,1,1
5071,91,85,0,0
5072,93,85,0,1
5073,94,85,0,1
5074,96,85,0,0
5075,97,85,1,1
5076,1,86,1,0
5077,2,86,1,0
5078,3,86,1,1
5079,5,86,0,0
5080,6,86,1,0
5081,7,86,1,0
5082,8,86,1,0
5083,9,86,1,0
5084,10,86,0,1
5085,11,86,0,0
5086,12,86,0,0
5087,16,86,0,1
5088,19,86,0,0
5089,20,86,1,0
5090,21,86,1,0
5091,22,86,0,0
5092,27,86,0,0
5093,28,86,0,1
5094,29,86,0,0
5095,30,86,1,1
5096,33,86,1,1
5097,40,86,0,0
5098,43,86,0,1
5099,45,86,1,0
5100,46,86,0,1
5101,47,86,1,1
5102,48,86,0,0
5103,49,86,1,0
5104,50,86,0,1
5105,53,86,0,1
5106,54,86,1,0
5107,56,86,0,1
5108,59,86,0,0
5109,62,86,1,0
5110,63,86,0,1
5111,64,86,0,1
5112,65,86,0,0
5113,67,86,1,0
5114,68,86,0,1
5115,71,86,0,0
5116,73,86,1,0
5117,74,86,1,0
5118,76,86,1,1
5119,77,86,0,0
5120,79,86,0,1
5121,81,86,1,1
5122,82,86,1,0
5123,84,86,0,1
5124,86,86,0,0
5125,87,86,0,0
5126,88,86,1,1
5127,93,86,1,1
5128,95,86,0,1
5129,96,86,0,0
5130,0,87,0,1
5131,1,87,1,1
5132,2,87,0,0
5133,3,87,0,1
5134,5,87,0,1
5135,6,87,1,1
5136,7,87,0,1
5137,8,87,0,0
5138,10,87,0,0
5139,11,87,0,0
5140,12,87,0,1
5141,13,87,1,0
5142,14,87,0,1
5143,16,87,0,0
5144,17,87,0,0
5145,18,87,0,1
5146,20,87,0,0
5147,23,87,0,1
5148,25,87,0,0
5149,27,87,1,0
5150,29,87,0,0
5151,30,87,1,1
5152,31,87,0,0
5153,33,87,0,1
5154,35,87,1,0
5155,36,87,0,1
5156,37,87,0,0
5157,38,87,0,1
5158,41,87,1,1
5159,42,87,0,1
5160,44,87,1,0
5161,48,87,0,0
5162,49,87,0,0
5163,50,87,1,0
5164,51,87,0,1
5165,52,87,0,1
5166,54,87,1,1
5167,55,87,0,0
5168,56,87,1,0
5169,59,87,0,0
5170,66,87,0,0
5171,67,87,0,0
5172,71,87,0,0
5173,72,87,0,1
5174,75,87,0,0
5175,77,87,0,0
5176,78,87,0,1
5177,80,87,0,0
5178,83,87,0,0
5179,85,87,1,0
5180,86,87,0,1
5181,89,87,1,0
5182,90,87,1,1
5183,94,87,0,0
5184,95,87,1,0
5185,96,87,0,1
5186,97,87,1,0
5187,0,88,1,0
5188,5,88,0,1
5189,7,88,0,1
5190,9,88,0,1
5191,11,88,1,1
5192,12,88,0,0
5193,14,88,1,0
5194,15,88,0,1
5195,17,88,1,0
5196,18,88,0,1
5197,19,88,0,1
5198,22,88,1,1
5199,23,88,0,0
5200,24,88,0,0
5201,26,88,0,0
5202,27,88,0,0
5203,28,88,0,0
5204,29,88,0,1
5205,32,88,0,0
5206,34,88,0,0
5207,37,88,0,1
5208,38,88,0,0
5209,39,88,0,1
5210,41,88,1,0
5211,42,88,0,1
5212,45,88,0,1
5213,46,88,0,1
5214,47,88,1,0
5215,48,88,0,0
5216,49,88,0,0
5217,50,88,1,1
5218,51,88,0,0
5219,52,88,0,0
5220,53,88,0,0
5221,55,88,0,0
5222,56,88,0,0
5223,57,88,0,0
5224,58,88,0,0
5225,59,88,0,1
5226,61,88,1,0
5227,63,88,0,0
5228,65,88,0,0
5229,66,88,0,1
5230,67,88,1,0
5231,68,88,1,1
5232,69,88,0,1
5233,71,88,1,1
5234,72,88,0,0
5235,75,88,0,0
5236,76,88,0,0
5237,77,88,1,1
5238,78,88,0,1
5239,79,88,1,1
5240,81,88,0,1
5241,82,88,0,0
5242,84,88,0,0
5243,85,88,0,0
5244,86,88,1,0
5245,87,88,1,0
5246,88,88,0,1
5247,89,88,1,1
5248,92,88,1,1
5249,93,88,1,0
5250,94,88,0,0
5251,95,88,0,0
5252,96,88,0,0
5253,97,88,1,0
5254,0,89,1,0
5255,2,89,0,1
5256,3,89,1,0
5257,4,89,1,0
5258,6,89,1,1
5259,7,89,1,0
5260,9,89,1,0
5261,11,89,0,1
5262,12,89,0,0
5263,17,89,0,0
5264,19,89,0,0
5265,20,89,0,0
5266,21,89,1,1
5267,22,89,1,1
5268,24,89,1,0
5269,26,89,0,0
5270,27,89,0,0
5271,29,89,0,0
5272,30,89,0,0
5273,32,89,0,0
5274,33,89,1,0
5275,36,89,0,1
5276,38,89,0,0
5277,39,89,1,0
5278,44,89,1,0
5279,45,89,1,0
5280,46,89,1,0
5281,47,89,1,0
5282,48,89,0,1
5283,49,89,1,1
5284,50,89,1,1
5285,53,89,0,1
5286,56,89,0,1
5287,57,89,1,0
5288,58,89,1,0
5289,61,89,1,1
5290,62,89,0,1
5291,64,89,0,0
5292,65,89,0,0
5293,66,89,0,0
5294,69,89,1,1
5295,70,89,1,1
5296,73,89,0,0
5297,74,89,1,1
5298,75,89,0,1
5299,77,89,0,0
5300,80,89,1,1
5301,81,89,0,1
5302,82,89,0,1
5303,84,89,0,1
5304,85,89,0,1
5305,91,89,1,0
5306,92,89,1,1
5307,93,89,1,1
5308,95,89,0,0
5309,96,89,0,0
5310,0,90,0,1
5311,1,90,0,0
5312,3,90,0,0
5313,5,90,1,0
5314,7,90,0,1
5315,8,90,0,0
5316,10,90,0,0
5317,11,90,0,0
5318,12,90,0,1
5319,13,90,0,1
5320,17,90,0,0
5321,18,90,0,1
5322,19,90,0,0
5323,20,90,0,1
5324,23,90,1,1
5325,25,90,0,0
5326,27,90,0,1
5327,30,90,0,0
5328,33,90,0,0
5329,34,90,1,1
5330,37,90,0,0
5331,38,90,0,0
5332,39,90,0,1
5333,40,90,0,0
5334,42,90,0,0
5335,43,90,0,1
5336,44,90,0,1
5337,46,90,1,1
5338,49,90,0,0
5339,50,90,0,0
5340,51,90,1,0
5341,52,90,0,1
5342,54,90,0,1
5343,55,90,0,1
5344,57,90,0,0
5345,59,90,1,0
5346,62,90,0,0
5347,65,90,0,0
5348,66,90,0,0
5349,67,90,1,0
5350,68,90,1,0
5351,70,90,0,1
5352,72,90,0,0
5353,73,90,0,0
5354,76,90,0,1
5355,77,90,0,1
5356,80,90,1,1
5357,81,90,1,0
5358,83,90,0,0
5359,86,90,0,1
5360,87,90,1,1
5361,88,90,0,1
5362,90,90,0,0
5363,91,90,0,0
5364,93,90,0,0
5365,94,90,1,1
5366,95,90,0,0
5367,96,90,0,0
5368,97,90,0,0
5369,3,91,0,0
5370,4,91,1,1
5371,10,91,0,1
5372,11,91,0,1
5373,14,91,0,0
5374,16,91,0,1
5375,17,91,1,0
5376,19,91,0,0
5377,20,91,0,0
5378,25,91,0,1
5379,26,91,1,0
5380,27,91,1,1
5381,28,91,0,1
5382,29,91,1,0
5383,30,91,1,0
5384,31,91,1,1
5385,32,91,0,1
5386,34,91,1,1
5387,37,91,0,0
5388,38,91,1,1
5389,41,91,0,1
5390,43,91,0,0
5391,44,91,1,1
5392,47,91,0,0
5393,48,91,0,1
5394,49,91,0,1
5395,51,91,1,0
5396,53,91,0,1
5397,54,91,0,0
5398,55,91,1,0
5399,56,91,0,0
5400,60,91,0,0
5401,61,91,0,0
5402,64,91,1,0
5403,65,91,0,0
5404,66,91,0,0
5405,67,91,1,1
5406,68,91,1,0
5407,71,91,1,1
5408,72,91,0,1
5409,73,91,0,0
5410,74,91,0,1
5411,75,91,1,1
5412,76,91,1,0
5413,77,91,0,1
5414,78,91,0,0
5415,80,91,0,0
5416,81,91,0,0
5417,83,91,0,0
5418,84,91,1,1
5419,87,91,1,1
5420,89,91,1,0
5421,90,91,0,0
5422,91,91,0,0
5423,92,91,0,1
5424,93,91,0,1
5425,94,91,1,0
5426,96,91,1,0
5427,97,91,0,0
5428,0,92,0,0
5429,1,92,1,1
5430,2,92,1,1
5431,3,92,1,1
5432,5,92,1,0
5433,6,92,1,1
5434,8,92,0,1
5435,11,92,0,1
5436,13,92,1,1
5437,16,92,0,0
5438,18,92,0,0
5439,19,92,0,1
5440,23,92,0,1
5441,24,92,0,0
5442,25,92,0,0
5443,27,92,0,0
5444,29,92,1,0
5445,30,92,0,0
5446,33,92,1,0
5447,34,92,0,0
5448,35,92,1,1
5449,36,92,0,0
5450,37,92,0,1
5451,39,92,0,0
5452,41,92,1,0
5453,42,92,0,0
5454,44,92,1,1
5455,47,92,1,0
5456,48,92,1,1
5457,49,92,1,1
5458,50,92,1,1
5459,51,92,1,0
5460,52,92,1,1
5461,53,92,0,0
5462,58,92,0,1
5463,60,92,1,0
5464,61,92,1,0
5465,64,92,0,1
5466,65,92,0,0
5467,66,92,1,1
5468,68,92,1,1
5469,69,92,1,1
5470,71,92,0,0
5471,72,92,0,1
5472,73,92,0,0
5473,75,92,0,0
5474,78,92,0,0
5475,80,92,0,0
5476,81,92,1,0
5477,82,92,1,0
5478,83,92,1,1
5479,87,92,0,1
5480,89,92,0,0
5481,90,92,0,1
5482,91,92,1,1
5483,92,92,1,1
5484,93,92,0,1
5485,95,92,0,0
5486,96,92,0,0
5487,97,92,0,0
5488,0,93,0,0
5489,1,93,1,1
5490,2,93,0,0
5491,4,93,1,0
5492,5,93,0,1
5493,6,93,0,0
5494,7,93,0,0
5495,8,93,0,1
5496,9,93,0,1
5497,14,93,0,0
5498,16,93,1,0
5499,17,93,0,1
5500,19,93,0,0
5501,20,93,0,1
5502,21,93,0,0
5503,24,93,1,0
5504,25,93,0,0
5505,26,93,1,1
5506,27,93,1,1
5507,28,93,0,1
5508,29,93,0,0
5509,31,93,1,1
5510,32,93,0,0
5511,33,93,0,0
5512,36,93,1,1
5513,37,93,0,1
5514,38,93,0,0
5515,39,93,0,1
5516,40,93,1,0
5517,45,93,1,0
5518,48,93,1,0
5519,49,93,1,1
5520,52,93,1,0
5521,55,93,0,0
5522,56,93,0,0
5523,57,93,0,0
5524,58,93,0,0
5525,59,93,1,1
5526,61,93,0,0
5527,62,93,0,0
5528,63,93,0,1
5529,64,93,0,0
5530,66,93,0,1
5531,68,93,1,0
5532,71,93,1,0
5533,74,93,0,0
5534,76,93,0,1
5535,77,93,0,0
5536,78,93,1,1
5537,81,93,0,1
5538,82,93,0,0
5539,86,93,1,1
5540,87,93,0,1
5541,90,93,0,0
5542,91,93,0,0
5543,93,93,0,0
5544,95,93,0,0
5545,96,93,0,1
5546,97,93,0,1
5547,0,94,0,0
5548,1,94,0,0
5549,5,94,0,0
5550,6,94,1,0
5551,10,94,1,1
5552,11,94,0,0
5553,13,94,0,1
5554,14,94,1,1
5555,15,94,0,0
5556,16,94,0,0
5557,17,94,0,0
5558,18,94,1,1
5559,19,94,0,0
5560,26,94,0,0
5561,28,94,1,1
5562,29,94,1,1
5563,30,94,0,0
5564,32,94,0,0
5565,33,94,0,0
5566,34,94,0,0
5567,35,94,0,1
5568,36,94,0,0
5569,37,94,0,0
5570,39,94,1,1
5571,40,94,0,0
5572,43,94,0,1
5573,45,94,1,0
5574,47,94,1,0
5575,48,94,1,0
5576,50,94,1,0
5577,51,94,1,1
5578,52,94,1,1
5579,53,94,0,1
5580,55,94,1,0
5581,57,94,0,0
5582,58,94,0,0
5583,59,94,0,0
5584,61,94,1,0
5585,62,94,0,1
5586,63,94,0,0
5587,64,94,1,1
5588,66,94,0,1
5589,67,94,1,0
5590,69,94,0,0
5591,70,94,0,0
5592,71,94,0,0
5593,72,94,1,1
5594,73,94,0,0
5595,74,94,0,0
5596,75,94,1,0
5597,76,94,0,0
5598,77,94,1,0
5599,78,94,0,0
5600,81,94,1,1
5601,83,94,0,0
5602,84,94,1,1
5603,85,94,0,0
5604,87,94,1,0
5605,88,94,1,1
5606,90,94,0,0
5607,92,94,0,0
5608,95,94,0,1
5609,96,94,1,0
5610,97,94,1,1
5611,1,95,0,0
5612,2,95,1,0
5613,3,95,0,0
5614,4,95,1,1
5615,5,95,1,1
5616,6,95,0,0
5617,8,95,0,1
5618,12,95,1,1
5619,13,95,0,1
5620,14,95,0,1
5621,15,95,1,0
5622,16,95,1,1
5623,17,95,0,0
5624,21,95,0,0
5625,22,95,0,0
5626,23,95,0,0
5627,25,95,1,1
5628,26,95,0,0
5629,27,95,0,0
5630,31,95,0,0
5631,33,95,0,0
5632,36,95,0,1
5633,37,95,1,0
5634,38,95,1,1
5635,39,95,1,0
5636,44,95,0,0
5637,47,95,0,1
5638,49,95,1,1
5639,50,95,0,0
5640,51,95,0,1
5641,52,95,1,1
5642,53,95,1,0
5643,54,95,0,0
5644,55,95,0,1
5645,60,95,1,0
5646,61,95,0,0
5647,63,95,0,1
5648,64,95,0,1
5649,65,95,1,1
5650,72,95,0,0
5651,73,95,1,0
5652,76,95,0,0
5653,77,95,0,0
5654,82,95,1,0
5655,83,95,0,0
5656,84,95,0,0
5657,85,95,0,1
5658,87,95,0,1
5659,88,95,0,1
5660,91,95,0,1
5661,92,95,0,0
5662,93,95,0,0
5663,94,95,0,1
5664,95,95,0,0
5665,97,95,0,1
5666,4,96,1,1
5667,5,96,0,0
5668,7,96,0,1
5669,9,96,1,1
5670,10,96,0,1
5671,11,96,0,1
5672,12,96,1,0
5673,14,96,0,0
5674,16,96,1,0
5675,18,96,1,1
5676,19,96,0,0
5677,21,96,1,0
5678,22,96,1,0
5679,23,96,1,1
5680,24,96,1,1
5681,25,96,0,0
5682,26,96,1,1
5683,27,96,1,0
5684,28,96,0,0
5685,29,96,0,0
5686,30,96,1,0
5687,31,96,1,0
5688,33,96,1,0
5689,34,96,0,0
5690,35,96,0,0
5691,37,96,0,0
5692,38,96,0,1
5693,41,96,0,0
5694,42,96,0,1
5695,43,96,0,0
5696,44,96,1,1
5697,45,96,1,1
5698,46,96,1,0
5699,49,96,0,0
5700,50,96,0,0
5701,52,96,0,1
5702,54,96,0,0
5703,55,96,0,0
5704,56,96,0,0
5705,57,96,1,0
5706,58,96,0,0
5707,59,96,0,1
5708,61,96,0,0
5709,62,96,0,0
5710,63,96,0,1
5711,65,96,1,1
5712,66,96,0,0
5713,67,96,1,0
5714,68,96,0,0
5715,70,96,1,0
5716,72,96,0,0
5717,73,96,0,1
5718,75,96,1,1
5719,76,96,1,0
5720,77,96,0,1
5721,78,96,0,0
5722,79,96,0,0
5723,80,96,0,0
5724,81,96,1,0
5725,82,96,0,1
5726,83,96,0,0
5727,84,96,0,0
5728,85,96,0,0
5729,86,96,1,0
5730,87,96,1,0
5731,88,96,0,1
5732,89,96,1,0
5733,91,96,0,0
5734,94,96,1,1
5735,95,96,1,1
5736,97,96,0,0
5737,0,97,1,0
5738,1,97,0,0
5739,2,97,0,1
5740,3,97,0,0
5741,4,97,1,0
5742,9,97,0,0
5743,11,97,0,0
5744,13,97,0,0
5745,14,97,1,1
5746,15,97,0,0
5747,17,97,1,0
5748,19,97,0,0
5749,21,97,1,0
5750,22,97,1,1
5751,23,97,0,1
5752,24,97,0,0
5753,25,97,0,1
5754,26,97,0,0
5755,28,97,1,0
5756,30,97,1,0
5757,32,97,1,1
5758,33,97,1,1
5759,34,97,0,0
5760,35,97,1,1
5761,37,97,0,1
5762,38,97,1,0
5763,39,97,0,1
5764,42,97,0,0
5765,44,97,0,0
5766,46,97,0,0
5767,49,97,1,0
5768,50,97,1,1
5769,51,97,1,1
5770,52,97,1,0
5771,53,97,1,0
5772,54,97,1,1
5773,55,97,0,0
5774,57,97,0,1
5775,60,97,1,1
5776,61,97,1,0
5777,63,97,0,0
5778,64,97,0,1
5779,66,97,0,0
5780,68,97,1,1
5781,69,97,1,0
5782,71,97,0,1
5783,72,97,0,0
5784,74,97,0,0
5785,75,97,0,1
5786,76,97,1,1
5787,77,97,0,0
5788,78,97,1,0
5789,79,97,0,1
5790,80,97,0,0
5791,81,97,0,1
5792,82,97,0,0
5793,83,97,0,0
5794,84,97,1,0
5795,86,97,0,0
5796,87,97,0,0
5797,88,97,0,1
5798,90,97,1,0
5799,91,97,1,1
5800,92,97,1,0
5801,93,97,0,0
5802,94,97,0,0
5803,95,97,0,1
5804,1,98,0,0
5805,5,98,0,0
5806,6,98,0,0
5807,7,98,0,1
5808,8,98,1,1
5809,10,98,0,0
5810,11,98,1,0
5811,12,98,1,0
5812,13,98,1,0
5813,14,98,1,1
5814,15,98,0,1
5815,17,98,0,1
5816,18,98,1,0
5817,19,98,1,0
5818,21,98,0,0
5819,25,98,0,1
5820,26,98,1,1
5821,29,98,0,0
5822,30,98,0,1
5823,32,98,0,0
5824,34,98,1,0
5825,35,98,0,0
5826,39,98,1,0
5827,40,98,1,1
5828,42,98,1,1
5829,46,98,1,1
5830,47,98,0,0
5831,48,98,0,0
5832,49,98,0,0
5833,50,98,0,1
5834,51,98,1,0
5835,52,98,1,0
5836,53,98,0,1
5837,54,98,1,0
5838,58,98,0,1
5839,61,98,0,1
5840,62,98,0,1
5841,63,98,0,1
5842,65,98,0,1
5843,66,98,1,0
5844,67,98,1,0
5845,68,98,0,0
5846,69,98,1,0
5847,71,98,0,1
5848,72,98,1,0
5849,75,98,1,0
5850,76,98,0,1
5851,78,98,0,0
5852,80,98,0,0
5853,83,98,0,0
5854,87,98,1,1
5855,90,98,0,0
5856,91,98,0,0
5857,92,98,0,0
5858,97,98,1,1
5859,0,99,0,0
5860,1,99,0,0
5861,3,99,0,0
5862,4,99,1,1
5863,6,99,0,0
5864,7,99,0,1
5865,10,99,0,0
5866,12,99,1,0
5867,13,99,0,0
5868,14,99,0,0
5869,15,99,0,0
5870,18,99,1,0
5871,19,99,0,1
5872,20,99,0,1
5873,21,99,0,0
5874,22,99,1,0
5875,23,99,1,1
5876,24,99,0,1
5877,26,99,0,0
5878,27,99,1,0
5879,32,99,0,1
5880,33,99,0,0
5881,34,99,1,0
5882,35,99,1,0
5883,37,99,0,0
5884,40,99,0,0
5885,41,99,0,0
5886,44,99,1,1
5887,45,99,1,1
5888,48,99,0,0
5889,51,99,1,1
5890,52,99,1,1
5891,53,99,0,0
5892,54,99,1,0
5893,55,99,1,1
5894,56,99,0,0
5895,59,99,1,1
5896,60,99,0,0
5897,62,99,0,0
5898,63,99,0,1
5899,64,99,1,1
5900,65,99,0,1
5901,66,99,0,0
5902,67,99,1,1
5903,73,99,0,0
5904,74,99,1,1
5905,75,99,1,0
5906,77,99,0,1
5907,78,99,0,1
5908,81,99,1,1
5909,83,99,0,1
5910,86,99,1,0
5911,87,99,1,1
5912,88,99,0,1
5913,89,99,0,0
5914,90,99,0,0
5915,94,99,1,1
5916,97,99,0,0
