interaction_id,taskid,userid,completion
0,0,0,1
1,1,0,1
2,2,0,0
3,6,0,0
4,9,0,1
5,10,0,0
6,11,0,1
7,12,0,0
8,15,0,0
9,16,0,0
10,18,0,0
11,21,0,1
12,22,0,1
13,24,0,0
14,25,0,0
15,26,0,0
16,28,0,1
17,29,0,0
18,32,0,0
19,34,0,0
20,36,0,0
21,38,0,0
22,39,0,0
23,41,0,1
24,44,0,1
25,49,0,0
26,54,0,0
27,55,0,1
28,56,0,0
29,57,0,0
30,59,0,1
31,60,0,1
32,61,0,1
33,62,0,0
34,64,0,0
35,65,0,0
36,66,0,0
37,68,0,0
38,69,0,1
39,70,0,0
40,71,0,0
41,72,0,1
42,73,0,0
43,74,0,0
44,77,0,0
45,79,0,0
46,80,0,0
47,83,0,1
48,84,0,1
49,86,0,0
50,87,0,0
51,88,0,1
52,89,0,1
53,91,0,0
54,93,0,1
55,94,0,1
56,95,0,0
57,96,0,0
58,97,0,0
59,1,1,0
60,2,1,1
61,3,1,1
62,4,1,1
63,6,1,0
64,7,1,0
65,10,1,0
66,11,1,0
67,12,1,0
68,13,1,1
69,17,1,0
70,19,1,0
71,20,1,0
72,21,1,0
73,22,1,0
74,23,1,0
75,24,1,1
76,25,1,0
77,26,1,1
78,34,1,1
79,35,1,0
80,36,1,1
81,38,1,0
82,39,1,1
83,40,1,1
84,41,1,0
85,42,1,1
86,43,1,0
87,44,1,1
88,47,1,0
89,48,1,1
90,49,1,1
91,51,1,1
92,53,1,0
93,55,1,1
94,58,1,0
95,59,1,1
96,60,1,0
97,61,1,0
98,62,1,0
99,63,1,0
100,64,1,0
101,66,1,0
102,68,1,0
103,70,1,1
104,71,1,0
105,72,1,0
106,73,1,0
107,75,1,1
108,76,1,1
109,78,1,0
110,81,1,1
111,82,1,0
112,83,1,1
113,85,1,0
114,87,1,0
115,88,1,0
116,94,1,1
117,96,1,0
118,97,1,0
119,3,2,0
120,6,2,0
121,7,2,1
122,8,2,1
123,9,2,1
124,11,2,0
125,12,2,0
126,13,2,0
127,14,2,1
128,15,2,0
129,16,2,0
130,17,2,0
131,18,2,0
132,20,2,0
133,22,2,1
134,23,2,0
135,24,2,1
136,26,2,1
137,27,2,1
138,28,2,1
139,31,2,1
140,32,2,0
141,37,2,1
142,38,2,1
143,43,2,0
144,46,2,0
145,47,2,0
146,48,2,1
147,50,2,0
148,52,2,0
149,55,2,1
150,57,2,0
151,58,2,0
152,59,2,1
153,60,2,0
154,61,2,0
155,62,2,1
156,64,2,1
157,66,2,0
158,74,2,1
159,75,2,1
160,81,2,0
161,82,2,0
162,83,2,1
163,89,2,0
164,90,2,0
165,92,2,0
166,93,2,0
167,94,2,1
168,2,3,0
169,3,3,0
170,6,3,1
171,9,3,0
172,11,3,1
173,12,3,0
174,14,3,1
175,15,3,0
176,18,3,0
177,19,3,1
178,20,3,1
179,21,3,1
180,22,3,0
181,23,3,0
182,25,3,0
183,26,3,0
184,29,3,1
185,31,3,1
186,33,3,1
187,34,3,1
188,35,3,1
189,37,3,0
190,39,3,0
191,40,3,0
192,42,3,0
193,44,3,0
194,45,3,0
195,46,3,0
196,47,3,1
197,50,3,1
198,52,3,0
199,53,3,0
200,55,3,0
201,57,3,0
202,58,3,0
203,59,3,0
204,62,3,1
205,65,3,0
206,68,3,0
207,69,3,0
208,72,3,0
209,73,3,0
210,74,3,0
211,76,3,1
212,77,3,1
213,78,3,0
214,79,3,1
215,80,3,0
216,81,3,0
217,87,3,0
218,90,3,0
219,92,3,0
220,93,3,1
221,94,3,0
222,97,3,0
223,2,4,1
224,10,4,0
225,15,4,0
226,17,4,0
227,20,4,0
228,24,4,1
229,25,4,0
230,29,4,1
231,30,4,1
232,31,4,1
233,36,4,0
234,38,4,0
235,41,4,0
236,42,4,1
237,43,4,0
238,45,4,0
239,46,4,1
240,48,4,0
241,49,4,0
242,50,4,0
243,51,4,1
244,53,4,0
245,55,4,1
246,60,4,0
247,61,4,0
248,62,4,0
249,63,4,0
250,65,4,0
251,66,4,0
252,67,4,1
253,68,4,0
254,69,4,0
255,70,4,0
256,71,4,1
257,72,4,1
258,73,4,0
259,74,4,1
260,78,4,0
261,79,4,1
262,81,4,1
263,83,4,1
264,84,4,1
265,85,4,0
266,86,4,1
267,87,4,1
268,88,4,0
269,92,4,0
270,93,4,1
271,95,4,0
272,96,4,1
273,97,4,0
274,1,5,1
275,2,5,0
276,3,5,0
277,6,5,0
278,7,5,0
279,8,5,1
280,9,5,0
281,10,5,0
282,11,5,0
283,12,5,1
284,13,5,0
285,15,5,0
286,17,5,0
287,19,5,1
288,20,5,0
289,25,5,1
290,26,5,1
291,27,5,0
292,28,5,0
293,29,5,1
294,30,5,0
295,32,5,0
296,33,5,0
297,34,5,0
298,36,5,0
299,37,5,0
300,42,5,0
301,43,5,0
302,45,5,1
303,46,5,1
304,47,5,0
305,49,5,1
306,51,5,0
307,52,5,0
308,54,5,0
309,55,5,0
310,56,5,1
311,58,5,0
312,60,5,0
313,62,5,0
314,64,5,1
315,65,5,0
316,67,5,0
317,70,5,0
318,71,5,1
319,74,5,0
320,76,5,0
321,78,5,0
322,81,5,0
323,83,5,0
324,84,5,1
325,88,5,0
326,90,5,0
327,91,5,0
328,92,5,0
329,93,5,0
330,94,5,1
331,96,5,0
332,97,5,0
333,0,6,0
334,3,6,0
335,4,6,1
336,5,6,1
337,6,6,0
338,7,6,0
339,8,6,1
340,9,6,1
341,10,6,0
342,12,6,1
343,15,6,1
344,16,6,1
345,17,6,0
346,19,6,1
347,20,6,0
348,21,6,0
349,23,6,1
350,25,6,0
351,26,6,1
352,27,6,1
353,28,6,0
354,29,6,1
355,32,6,1
356,34,6,0
357,39,6,1
358,40,6,0
359,41,6,0
360,42,6,1
361,44,6,0
362,46,6,0
363,48,6,0
364,49,6,1
365,50,6,1
366,51,6,1
367,53,6,0
368,55,6,1
369,59,6,1
370,60,6,1
371,63,6,0
372,65,6,1
373,69,6,1
374,72,6,1
375,73,6,0
376,74,6,0
377,75,6,0
378,80,6,0
379,82,6,1
380,85,6,0
381,87,6,0
382,89,6,0
383,92,6,1
384,93,6,0
385,94,6,1
386,95,6,0
387,97,6,0
388,2,7,0
389,3,7,1
390,4,7,0
391,6,7,0
392,7,7,1
393,8,7,0
394,9,7,0
395,11,7,1
396,13,7,1
397,15,7,0
398,17,7,1
399,18,7,0
400,19,7,1
401,20,7,1
402,21,7,1
403,23,7,0
404,25,7,1
405,26,7,0
406,28,7,1
407,29,7,1
408,30,7,0
409,32,7,1
410,35,7,0
411,37,7,1
412,39,7,1
413,42,7,1
414,43,7,1
415,45,7,0
416,47,7,0
417,48,7,0
418,49,7,1
419,52,7,0
420,53,7,1
421,54,7,0
422,56,7,1
423,57,7,1
424,58,7,1
425,59,7,0
426,61,7,0
427,62,7,0
428,63,7,1
429,64,7,0
430,67,7,0
431,71,7,0
432,73,7,1
433,76,7,0
434,77,7,0
435,79,7,0
436,80,7,0
437,81,7,0
438,83,7,0
439,85,7,0
440,86,7,0
441,87,7,0
442,88,7,0
443,89,7,0
444,91,7,0
445,92,7,0
446,96,7,1
447,97,7,1
448,1,8,0
449,2,8,1
450,3,8,0
451,4,8,1
452,5,8,0
453,7,8,0
454,8,8,0
455,9,8,1
456,11,8,0
457,12,8,0
458,13,8,0
459,15,8,0
460,16,8,0
461,17,8,1
462,19,8,0
463,23,8,1
464,24,8,1
465,25,8,0
466,26,8,1
467,28,8,1
468,29,8,0
469,30,8,0
470,32,8,0
471,35,8,0
472,37,8,0
473,40,8,0
474,41,8,0
475,42,8,0
476,44,8,1
477,45,8,1
478,47,8,0
479,48,8,0
480,49,8,0
481,51,8,1
482,52,8,1
483,53,8,1
484,54,8,1
485,55,8,0
486,56,8,0
487,59,8,1
488,61,8,1
489,62,8,0
490,63,8,0
491,65,8,0
492,66,8,0
493,68,8,1
494,69,8,0
495,70,8,0
496,71,8,1
497,72,8,0
498,73,8,1
499,75,8,1
500,76,8,0
501,78,8,0
502,79,8,0
503,80,8,1
504,81,8,0
505,82,8,1
506,83,8,0
507,84,8,0
508,85,8,0
509,87,8,1
510,88,8,0
511,89,8,0
512,90,8,0
513,92,8,1
514,94,8,1
515,95,8,0
516,96,8,0
517,1,9,0
518,4,9,1
519,5,9,0
520,6,9,0
521,8,9,1
522,10,9,0
523,11,9,0
524,12,9,1
525,13,9,0
526,14,9,0
527,16,9,0
528,18,9,0
529,19,9,1
530,23,9,1
531,25,9,0
532,26,9,1
533,29,9,0
534,30,9,1
535,31,9,1
536,32,9,0
537,35,9,0
538,42,9,0
539,45,9,1
540,46,9,1
541,47,9,0
542,48,9,0
543,50,9,0
544,51,9,1
545,54,9,1
546,55,9,1
547,56,9,1
548,57,9,0
549,58,9,0
550,59,9,1
551,61,9,1
552,66,9,0
553,68,9,0
554,70,9,0
555,74,9,0
556,75,9,1
557,76,9,0
558,77,9,0
559,78,9,0
560,79,9,1
561,80,9,0
562,81,9,1
563,82,9,0
564,87,9,1
565,88,9,1
566,89,9,0
567,90,9,1
568,91,9,1
569,94,9,1
570,95,9,0
571,96,9,1
572,0,10,0
573,1,10,0
574,2,10,0
575,12,10,0
576,13,10,0
577,15,10,0
578,17,10,0
579,18,10,1
580,20,10,0
581,22,10,0
582,24,10,1
583,25,10,0
584,26,10,1
585,27,10,0
586,28,10,1
587,30,10,0
588,31,10,0
589,35,10,0
590,36,10,1
591,38,10,0
592,40,10,0
593,43,10,0
594,45,10,1
595,46,10,1
596,48,10,0
597,49,10,0
598,50,10,0
599,51,10,1
600,52,10,1
601,53,10,0
602,56,10,0
603,57,10,1
604,58,10,0
605,61,10,0
606,62,10,0
607,63,10,0
608,65,10,0
609,66,10,0
610,69,10,0
611,70,10,0
612,71,10,1
613,76,10,0
614,77,10,1
615,80,10,0
616,81,10,0
617,82,10,0
618,83,10,1
619,84,10,1
620,85,10,0
621,86,10,0
622,87,10,1
623,88,10,0
624,89,10,0
625,90,10,0
626,91,10,0
627,93,10,0
628,94,10,1
629,96,10,0
630,0,11,1
631,1,11,1
632,4,11,0
633,6,11,1
634,7,11,0
635,8,11,0
636,9,11,0
637,10,11,0
638,13,11,1
639,17,11,1
640,18,11,0
641,21,11,1
642,22,11,1
643,23,11,0
644,24,11,0
645,25,11,0
646,26,11,0
647,27,11,1
648,28,11,1
649,30,11,0
650,31,11,0
651,32,11,0
652,33,11,1
653,35,11,1
654,36,11,0
655,37,11,0
656,38,11,0
657,39,11,0
658,40,11,0
659,42,11,0
660,43,11,1
661,44,11,0
662,45,11,1
663,47,11,0
664,48,11,0
665,50,11,1
666,52,11,0
667,53,11,0
668,54,11,1
669,55,11,0
670,56,11,0
671,57,11,0
672,60,11,0
673,71,11,0
674,72,11,0
675,73,11,0
676,74,11,0
677,76,11,1
678,77,11,0
679,78,11,0
680,79,11,1
681,81,11,0
682,84,11,0
683,86,11,0
684,87,11,0
685,93,11,1
686,95,11,1
687,96,11,0
688,0,12,0
689,1,12,1
690,3,12,0
691,4,12,0
692,5,12,0
693,6,12,0
694,8,12,1
695,11,12,0
696,12,12,1
697,13,12,1
698,14,12,0
699,17,12,1
700,18,12,1
701,19,12,0
702,20,12,0
703,21,12,1
704,22,12,1
705,35,12,1
706,36,12,0
707,37,12,1
708,38,12,1
709,39,12,1
710,42,12,0
711,44,12,0
712,45,12,0
713,47,12,0
714,48,12,0
715,49,12,0
716,52,12,0
717,53,12,0
718,54,12,1
719,57,12,0
720,58,12,1
721,60,12,1
722,63,12,0
723,64,12,0
724,66,12,0
725,67,12,0
726,68,12,0
727,70,12,1
728,72,12,0
729,73,12,0
730,74,12,1
731,75,12,0
732,77,12,0
733,78,12,0
734,82,12,0
735,83,12,1
736,84,12,1
737,86,12,0
738,87,12,0
739,88,12,1
740,89,12,1
741,92,12,1
742,94,12,0
743,95,12,0
744,96,12,0
745,97,12,1
746,1,13,0
747,2,13,0
748,3,13,0
749,4,13,0
750,5,13,1
751,6,13,0
752,7,13,0
753,9,13,0
754,11,13,0
755,12,13,1
756,13,13,1
757,14,13,1
758,15,13,1
759,20,13,0
760,22,13,0
761,23,13,0
762,24,13,0
763,26,13,1
764,30,13,1
765,31,13,1
766,32,13,1
767,36,13,0
768,37,13,1
769,39,13,0
770,41,13,1
771,42,13,1
772,43,13,1
773,47,13,1
774,52,13,1
775,53,13,1
776,54,13,1
777,55,13,0
778,58,13,1
779,59,13,0
780,61,13,0
781,62,13,1
782,63,13,1
783,64,13,0
784,66,13,1
785,68,13,0
786,69,13,0
787,70,13,1
788,71,13,0
789,72,13,1
790,73,13,1
791,76,13,0
792,77,13,1
793,78,13,0
794,79,13,1
795,83,13,1
796,85,13,0
797,86,13,0
798,90,13,0
799,91,13,0
800,92,13,0
801,93,13,0
802,94,13,1
803,95,13,1
804,96,13,0
805,0,14,1
806,1,14,0
807,5,14,0
808,6,14,1
809,11,14,0
810,12,14,0
811,17,14,1
812,18,14,0
813,19,14,1
814,21,14,1
815,22,14,1
816,23,14,1
817,26,14,0
818,27,14,0
819,29,14,1
820,31,14,1
821,32,14,0
822,33,14,1
823,34,14,0
824,36,14,1
825,37,14,0
826,38,14,0
827,40,14,1
828,44,14,1
829,47,14,1
830,48,14,0
831,49,14,1
832,53,14,1
833,54,14,1
834,56,14,0
835,57,14,0
836,59,14,0
837,61,14,1
838,63,14,0
839,64,14,0
840,66,14,0
841,67,14,0
842,71,14,0
843,72,14,1
844,73,14,0
845,75,14,0
846,79,14,0
847,80,14,1
848,81,14,0
849,82,14,0
850,84,14,1
851,85,14,0
852,88,14,0
853,90,14,1
854,91,14,1
855,94,14,0
856,95,14,0
857,1,15,0
858,2,15,1
859,6,15,1
860,7,15,0
861,9,15,0
862,13,15,1
863,16,15,0
864,19,15,1
865,20,15,1
866,21,15,0
867,23,15,1
868,26,15,0
869,27,15,1
870,28,15,1
871,29,15,1
872,31,15,1
873,34,15,0
874,35,15,0
875,37,15,0
876,38,15,1
877,39,15,1
878,41,15,0
879,43,15,1
880,47,15,1
881,48,15,0
882,49,15,1
883,54,15,1
884,55,15,1
885,57,15,1
886,58,15,0
887,59,15,1
888,60,15,0
889,61,15,0
890,63,15,1
891,64,15,1
892,65,15,0
893,67,15,0
894,68,15,1
895,69,15,0
896,70,15,0
897,75,15,1
898,76,15,0
899,79,15,0
900,80,15,0
901,81,15,0
902,83,15,1
903,84,15,1
904,85,15,0
905,86,15,0
906,87,15,1
907,88,15,0
908,89,15,0
909,90,15,0
910,91,15,0
911,92,15,1
912,93,15,0
913,95,15,0
914,0,16,0
915,2,16,1
916,5,16,0
917,6,16,0
918,8,16,0
919,10,16,0
920,13,16,1
921,14,16,0
922,16,16,0
923,17,16,0
924,18,16,0
925,20,16,0
926,21,16,1
927,22,16,0
928,29,16,0
929,30,16,0
930,31,16,1
931,32,16,0
932,33,16,0
933,35,16,1
934,36,16,1
935,39,16,1
936,40,16,1
937,42,16,0
938,43,16,0
939,44,16,0
940,45,16,0
941,46,16,1
942,49,16,1
943,50,16,0
944,53,16,0
945,54,16,0
946,55,16,1
947,57,16,0
948,58,16,0
949,61,16,0
950,62,16,0
951,65,16,1
952,67,16,0
953,68,16,0
954,69,16,0
955,70,16,0
956,71,16,1
957,72,16,1
958,76,16,1
959,77,16,0
960,78,16,0
961,79,16,0
962,83,16,0
963,84,16,1
964,87,16,0
965,89,16,0
966,90,16,0
967,91,16,1
968,94,16,1
969,95,16,0
970,97,16,0
971,1,17,1
972,2,17,0
973,4,17,0
974,5,17,0
975,8,17,0
976,9,17,1
977,10,17,0
978,12,17,0
979,13,17,1
980,15,17,1
981,17,17,0
982,23,17,0
983,26,17,0
984,27,17,0
985,28,17,1
986,29,17,0
987,30,17,0
988,31,17,1
989,32,17,1
990,33,17,1
991,34,17,1
992,35,17,1
993,38,17,1
994,40,17,0
995,42,17,0
996,43,17,0
997,44,17,0
998,46,17,0
999,48,17,0
1000,51,17,0
1001,53,17,0
1002,56,17,0
1003,57,17,1
1004,58,17,1
1005,59,17,0
1006,60,17,1
1007,61,17,1
1008,64,17,1
1009,65,17,0
1010,66,17,0
1011,67,17,0
1012,69,17,0
1013,70,17,1
1014,74,17,0
1015,75,17,0
1016,77,17,0
1017,78,17,1
1018,79,17,0
1019,80,17,0
1020,81,17,0
1021,83,17,1
1022,84,17,0
1023,86,17,1
1024,88,17,1
1025,89,17,1
1026,90,17,1
1027,91,17,1
1028,92,17,1
1029,93,17,0
1030,95,17,0
1031,96,17,1
1032,0,18,0
1033,2,18,1
1034,6,18,0
1035,7,18,1
1036,8,18,1
1037,9,18,1
1038,10,18,0
1039,11,18,0
1040,12,18,0
1041,13,18,1
1042,15,18,1
1043,16,18,0
1044,17,18,0
1045,18,18,1
1046,19,18,0
1047,20,18,1
1048,23,18,1
1049,27,18,0
1050,28,18,1
1051,29,18,1
1052,30,18,0
1053,31,18,1
1054,33,18,0
1055,34,18,1
1056,36,18,1
1057,37,18,0
1058,38,18,1
1059,39,18,1
1060,40,18,1
1061,41,18,1
1062,43,18,0
1063,44,18,1
1064,45,18,1
1065,46,18,1
1066,47,18,0
1067,48,18,1
1068,49,18,1
1069,50,18,0
1070,51,18,1
1071,53,18,0
1072,55,18,1
1073,59,18,0
1074,60,18,0
1075,63,18,0
1076,66,18,1
1077,67,18,0
1078,68,18,0
1079,70,18,0
1080,71,18,0
1081,72,18,0
1082,73,18,0
1083,74,18,0
1084,75,18,1
1085,77,18,0
1086,78,18,0
1087,80,18,0
1088,81,18,0
1089,82,18,0
1090,84,18,1
1091,85,18,0
1092,87,18,0
1093,88,18,0
1094,89,18,0
1095,92,18,0
1096,93,18,0
1097,94,18,1
1098,95,18,1
1099,97,18,1
1100,0,19,0
1101,2,19,0
1102,3,19,0
1103,5,19,0
1104,6,19,0
1105,7,19,0
1106,8,19,1
1107,10,19,0
1108,11,19,1
1109,13,19,0
1110,14,19,0
1111,15,19,1
1112,16,19,0
1113,17,19,0
1114,18,19,0
1115,25,19,1
1116,26,19,0
1117,28,19,0
1118,30,19,0
1119,32,19,1
1120,34,19,0
1121,35,19,0
1122,36,19,0
1123,37,19,1
1124,39,19,0
1125,40,19,0
1126,41,19,0
1127,43,19,1
1128,44,19,0
1129,47,19,0
1130,50,19,0
1131,51,19,0
1132,56,19,1
1133,60,19,0
1134,62,19,0
1135,63,19,0
1136,64,19,1
1137,65,19,0
1138,67,19,0
1139,68,19,0
1140,69,19,1
1141,70,19,0
1142,73,19,0
1143,75,19,0
1144,79,19,0
1145,80,19,0
1146,84,19,1
1147,85,19,0
1148,86,19,0
1149,87,19,0
1150,89,19,0
1151,91,19,1
1152,92,19,1
1153,93,19,0
1154,94,19,0
1155,97,19,1
1156,0,20,1
1157,1,20,0
1158,2,20,1
1159,3,20,1
1160,4,20,1
1161,6,20,0
1162,8,20,1
1163,10,20,0
1164,13,20,0
1165,14,20,0
1166,15,20,0
1167,16,20,0
1168,17,20,1
1169,18,20,1
1170,19,20,1
1171,20,20,1
1172,21,20,0
1173,24,20,1
1174,25,20,1
1175,26,20,1
1176,27,20,0
1177,30,20,0
1178,31,20,0
1179,32,20,1
1180,33,20,0
1181,34,20,1
1182,35,20,1
1183,39,20,0
1184,40,20,1
1185,41,20,0
1186,42,20,0
1187,44,20,1
1188,45,20,1
1189,46,20,0
1190,48,20,0
1191,49,20,0
1192,50,20,1
1193,52,20,1
1194,53,20,0
1195,55,20,0
1196,56,20,0
1197,58,20,0
1198,61,20,0
1199,62,20,0
1200,64,20,1
1201,66,20,0
1202,67,20,1
1203,68,20,1
1204,69,20,0
1205,72,20,0
1206,73,20,0
1207,74,20,0
1208,75,20,1
1209,76,20,1
1210,77,20,0
1211,78,20,0
1212,81,20,0
1213,82,20,0
1214,83,20,0
1215,85,20,1
1216,86,20,1
1217,87,20,1
1218,88,20,0
1219,90,20,0
1220,91,20,0
1221,92,20,0
1222,93,20,0
1223,94,20,1
1224,95,20,1
1225,0,21,0
1226,1,21,0
1227,3,21,0
1228,4,21,0
1229,5,21,0
1230,6,21,0
1231,8,21,1
1232,9,21,1
1233,10,21,0
1234,11,21,0
1235,12,21,0
1236,13,21,0
1237,14,21,1
1238,15,21,0
1239,16,21,0
1240,17,21,0
1241,22,21,0
1242,24,21,1
1243,25,21,0
1244,26,21,1
1245,30,21,1
1246,31,21,1
1247,32,21,1
1248,35,21,0
1249,37,21,0
1250,38,21,0
1251,42,21,1
1252,44,21,1
1253,46,21,1
1254,51,21,1
1255,52,21,1
1256,54,21,0
1257,56,21,0
1258,57,21,0
1259,58,21,0
1260,61,21,0
1261,62,21,1
1262,63,21,0
1263,65,21,0
1264,67,21,1
1265,69,21,0
1266,71,21,1
1267,72,21,0
1268,73,21,0
1269,74,21,0
1270,75,21,1
1271,76,21,0
1272,78,21,0
1273,80,21,0
1274,82,21,0
1275,84,21,1
1276,86,21,0
1277,87,21,0
1278,90,21,1
1279,93,21,1
1280,94,21,1
1281,95,21,0
1282,96,21,1
1283,97,21,0
1284,0,22,0
1285,1,22,0
1286,2,22,1
1287,3,22,1
1288,5,22,0
1289,7,22,0
1290,9,22,1
1291,10,22,1
1292,12,22,0
1293,14,22,1
1294,16,22,0
1295,17,22,0
1296,18,22,1
1297,20,22,0
1298,22,22,0
1299,24,22,1
1300,25,22,0
1301,26,22,0
1302,27,22,1
1303,31,22,1
1304,32,22,0
1305,35,22,0
1306,38,22,0
1307,39,22,1
1308,40,22,1
1309,43,22,0
1310,44,22,0
1311,45,22,1
1312,46,22,1
1313,48,22,0
1314,51,22,1
1315,53,22,0
1316,54,22,0
1317,55,22,1
1318,57,22,0
1319,58,22,0
1320,60,22,0
1321,65,22,0
1322,67,22,1
1323,68,22,0
1324,70,22,0
1325,71,22,0
1326,73,22,0
1327,74,22,0
1328,78,22,0
1329,79,22,0
1330,83,22,0
1331,84,22,0
1332,86,22,0
1333,87,22,1
1334,88,22,0
1335,89,22,0
1336,91,22,0
1337,93,22,0
1338,96,22,1
1339,0,23,0
1340,1,23,1
1341,3,23,1
1342,4,23,0
1343,5,23,0
1344,6,23,0
1345,8,23,0
1346,11,23,0
1347,12,23,0
1348,13,23,0
1349,14,23,1
1350,16,23,0
1351,17,23,1
1352,18,23,0
1353,21,23,1
1354,23,23,0
1355,25,23,0
1356,27,23,0
1357,28,23,0
1358,30,23,0
1359,33,23,0
1360,35,23,1
1361,36,23,0
1362,37,23,0
1363,38,23,0
1364,39,23,0
1365,40,23,0
1366,42,23,0
1367,43,23,0
1368,46,23,0
1369,50,23,1
1370,52,23,0
1371,58,23,0
1372,60,23,1
1373,62,23,0
1374,63,23,1
1375,66,23,0
1376,68,23,1
1377,70,23,1
1378,72,23,0
1379,74,23,0
1380,78,23,0
1381,79,23,0
1382,81,23,0
1383,82,23,0
1384,83,23,1
1385,84,23,0
1386,86,23,0
1387,89,23,1
1388,90,23,1
1389,91,23,0
1390,93,23,1
1391,94,23,0
1392,95,23,0
1393,96,23,0
1394,97,23,0
1395,0,24,0
1396,1,24,0
1397,2,24,0
1398,3,24,1
1399,4,24,0
1400,5,24,1
1401,6,24,0
1402,7,24,1
1403,8,24,0
1404,9,24,0
1405,10,24,1
1406,12,24,0
1407,13,24,0
1408,14,24,1
1409,15,24,1
1410,16,24,0
1411,18,24,1
1412,19,24,1
1413,22,24,0
1414,23,24,0
1415,24,24,0
1416,25,24,1
1417,26,24,0
1418,30,24,1
1419,31,24,0
1420,32,24,1
1421,34,24,1
1422,35,24,1
1423,36,24,0
1424,37,24,1
1425,39,24,0
1426,40,24,0
1427,41,24,0
1428,42,24,0
1429,43,24,0
1430,45,24,1
1431,46,24,0
1432,49,24,1
1433,51,24,0
1434,52,24,0
1435,55,24,0
1436,57,24,0
1437,59,24,1
1438,60,24,0
1439,61,24,0
1440,62,24,1
1441,65,24,1
1442,67,24,0
1443,69,24,0
1444,71,24,1
1445,73,24,1
1446,76,24,0
1447,77,24,1
1448,78,24,1
1449,81,24,1
1450,82,24,1
1451,83,24,0
1452,85,24,0
1453,90,24,1
1454,92,24,0
1455,95,24,0
1456,96,24,0
1457,0,25,1
1458,3,25,0
1459,4,25,0
1460,5,25,1
1461,8,25,0
1462,10,25,1
1463,11,25,1
1464,14,25,1
1465,15,25,1
1466,16,25,1
1467,17,25,0
1468,20,25,1
1469,22,25,0
1470,24,25,0
1471,27,25,0
1472,28,25,0
1473,29,25,1
1474,31,25,1
1475,32,25,1
1476,33,25,0
1477,34,25,0
1478,36,25,0
1479,37,25,1
1480,38,25,1
1481,40,25,0
1482,43,25,1
1483,44,25,1
1484,45,25,0
1485,48,25,1
1486,50,25,1
1487,51,25,0
1488,53,25,1
1489,55,25,0
1490,56,25,1
1491,57,25,1
1492,58,25,1
1493,59,25,0
1494,61,25,0
1495,62,25,0
1496,63,25,1
1497,65,25,1
1498,66,25,1
1499,68,25,0
1500,69,25,0
1501,73,25,0
1502,76,25,0
1503,81,25,0
1504,83,25,0
1505,85,25,1
1506,86,25,1
1507,87,25,0
1508,89,25,0
1509,90,25,0
1510,91,25,0
1511,92,25,0
1512,93,25,0
1513,0,26,0
1514,2,26,1
1515,3,26,0
1516,5,26,0
1517,6,26,0
1518,7,26,1
1519,8,26,1
1520,9,26,0
1521,11,26,0
1522,12,26,0
1523,13,26,1
1524,14,26,0
1525,18,26,1
1526,20,26,0
1527,21,26,0
1528,24,26,1
1529,26,26,1
1530,29,26,1
1531,30,26,1
1532,31,26,1
1533,32,26,1
1534,34,26,1
1535,35,26,1
1536,36,26,1
1537,38,26,0
1538,39,26,0
1539,40,26,0
1540,41,26,1
1541,42,26,1
1542,43,26,0
1543,45,26,0
1544,46,26,1
1545,48,26,0
1546,50,26,1
1547,51,26,1
1548,52,26,1
1549,53,26,0
1550,54,26,1
1551,55,26,1
1552,56,26,1
1553,57,26,1
1554,59,26,1
1555,62,26,0
1556,64,26,0
1557,67,26,1
1558,68,26,0
1559,69,26,0
1560,70,26,0
1561,71,26,1
1562,72,26,0
1563,73,26,0
1564,74,26,1
1565,75,26,0
1566,77,26,0
1567,78,26,0
1568,79,26,1
1569,81,26,0
1570,82,26,0
1571,85,26,0
1572,86,26,0
1573,88,26,0
1574,90,26,0
1575,91,26,0
1576,93,26,0
1577,97,26,0
1578,1,27,0
1579,2,27,1
1580,3,27,0
1581,4,27,1
1582,5,27,0
1583,6,27,0
1584,7,27,0
1585,8,27,1
1586,9,27,1
1587,10,27,1
1588,11,27,0
1589,12,27,0
1590,15,27,0
1591,16,27,0
1592,17,27,0
1593,19,27,0
1594,24,27,1
1595,25,27,0
1596,26,27,0
1597,27,27,1
1598,28,27,1
1599,30,27,0
1600,32,27,0
1601,34,27,1
1602,35,27,0
1603,37,27,1
1604,38,27,0
1605,39,27,1
1606,40,27,0
1607,42,27,0
1608,44,27,1
1609,45,27,1
1610,46,27,0
1611,49,27,1
1612,52,27,1
1613,53,27,0
1614,55,27,1
1615,56,27,0
1616,57,27,0
1617,59,27,1
1618,60,27,1
1619,61,27,0
1620,63,27,0
1621,64,27,1
1622,65,27,1
1623,66,27,0
1624,67,27,1
1625,69,27,0
1626,70,27,0
1627,73,27,1
1628,75,27,1
1629,76,27,1
1630,80,27,0
1631,83,27,0
1632,85,27,0
1633,91,27,0
1634,94,27,1
1635,96,27,1
1636,97,27,1
1637,1,28,1
1638,3,28,0
1639,4,28,0
1640,5,28,1
1641,6,28,1
1642,7,28,0
1643,10,28,0
1644,11,28,1
1645,12,28,0
1646,14,28,0
1647,15,28,1
1648,16,28,1
1649,18,28,1
1650,20,28,1
1651,21,28,0
1652,22,28,0
1653,23,28,1
1654,24,28,0
1655,26,28,0
1656,27,28,1
1657,28,28,0
1658,29,28,1
1659,31,28,0
1660,36,28,0
1661,37,28,1
1662,39,28,0
1663,40,28,0
1664,41,28,0
1665,44,28,0
1666,45,28,0
1667,46,28,0
1668,47,28,0
1669,48,28,1
1670,50,28,0
1671,51,28,0
1672,53,28,0
1673,56,28,0
1674,57,28,1
1675,58,28,1
1676,60,28,0
1677,62,28,0
1678,63,28,1
1679,65,28,1
1680,68,28,0
1681,70,28,0
1682,72,28,1
1683,73,28,1
1684,74,28,1
1685,75,28,0
1686,77,28,1
1687,79,28,0
1688,81,28,1
1689,84,28,1
1690,86,28,0
1691,87,28,0
1692,88,28,1
1693,89,28,0
1694,90,28,0
1695,92,28,0
1696,95,28,1
1697,96,28,1
1698,97,28,0
1699,0,29,1
1700,2,29,1
1701,4,29,0
1702,5,29,1
1703,6,29,0
1704,9,29,1
1705,14,29,0
1706,16,29,0
1707,18,29,1
1708,19,29,0
1709,20,29,1
1710,21,29,0
1711,23,29,1
1712,24,29,1
1713,28,29,1
1714,30,29,0
1715,31,29,1
1716,34,29,0
1717,35,29,0
1718,37,29,1
1719,39,29,1
1720,40,29,0
1721,41,29,0
1722,42,29,0
1723,43,29,0
1724,45,29,1
1725,46,29,0
1726,47,29,0
1727,48,29,0
1728,49,29,1
1729,51,29,1
1730,55,29,1
1731,56,29,0
1732,64,29,1
1733,65,29,0
1734,70,29,0
1735,71,29,1
1736,72,29,0
1737,73,29,0
1738,74,29,1
1739,75,29,1
1740,76,29,1
1741,77,29,0
1742,79,29,0
1743,80,29,0
1744,81,29,0
1745,82,29,0
1746,83,29,0
1747,84,29,1
1748,85,29,0
1749,86,29,1
1750,88,29,1
1751,89,29,0
1752,90,29,1
1753,92,29,0
1754,94,29,0
1755,95,29,0
1756,0,30,0
1757,2,30,1
1758,4,30,1
1759,5,30,0
1760,9,30,1
1761,10,30,1
1762,11,30,0
1763,12,30,0
1764,13,30,1
1765,14,30,0
1766,15,30,0
1767,16,30,0
1768,17,30,0
1769,18,30,1
1770,19,30,1
1771,20,30,0
1772,21,30,0
1773,24,30,1
1774,25,30,0
1775,33,30,0
1776,34,30,1
1777,38,30,0
1778,39,30,1
1779,40,30,0
1780,41,30,1
1781,43,30,1
1782,46,30,0
1783,47,30,0
1784,48,30,0
1785,49,30,0
1786,50,30,0
1787,51,30,0
1788,52,30,1
1789,53,30,0
1790,54,30,0
1791,56,30,0
1792,57,30,0
1793,58,30,1
1794,60,30,0
1795,62,30,0
1796,63,30,0
1797,64,30,0
1798,65,30,0
1799,66,30,0
1800,67,30,1
1801,68,30,0
1802,70,30,0
1803,71,30,0
1804,72,30,0
1805,73,30,0
1806,74,30,0
1807,75,30,1
1808,78,30,1
1809,79,30,0
1810,80,30,0
1811,82,30,0
1812,83,30,0
1813,84,30,1
1814,85,30,1
1815,86,30,1
1816,92,30,0
1817,94,30,1
1818,96,30,1
1819,97,30,1
1820,2,31,0
1821,3,31,1
1822,4,31,0
1823,6,31,1
1824,7,31,0
1825,8,31,0
1826,9,31,1
1827,11,31,0
1828,15,31,1
1829,16,31,0
1830,17,31,1
1831,18,31,0
1832,19,31,1
1833,21,31,1
1834,22,31,1
1835,23,31,0
1836,25,31,1
1837,26,31,0
1838,27,31,0
1839,29,31,1
1840,31,31,0
1841,32,31,0
1842,33,31,0
1843,34,31,1
1844,35,31,1
1845,36,31,0
1846,38,31,0
1847,39,31,0
1848,43,31,1
1849,44,31,0
1850,45,31,0
1851,46,31,0
1852,47,31,1
1853,48,31,0
1854,49,31,0
1855,50,31,1
1856,52,31,0
1857,53,31,0
1858,54,31,0
1859,55,31,0
1860,57,31,0
1861,59,31,0
1862,60,31,1
1863,61,31,1
1864,63,31,0
1865,66,31,0
1866,67,31,0
1867,69,31,1
1868,70,31,1
1869,71,31,0
1870,73,31,0
1871,74,31,0
1872,76,31,1
1873,78,31,0
1874,79,31,0
1875,80,31,0
1876,82,31,0
1877,83,31,1
1878,84,31,0
1879,85,31,0
1880,86,31,0
1881,87,31,0
1882,88,31,1
1883,90,31,1
1884,91,31,1
1885,92,31,1
1886,94,31,0
1887,95,31,1
1888,97,31,1
1889,0,32,0
1890,1,32,0
1891,2,32,0
1892,3,32,0
1893,4,32,1
1894,8,32,0
1895,9,32,0
1896,11,32,1
1897,13,32,0
1898,14,32,1
1899,18,32,0
1900,20,32,0
1901,21,32,0
1902,24,32,0
1903,25,32,0
1904,26,32,0
1905,27,32,0
1906,28,32,0
1907,29,32,0
1908,31,32,0
1909,32,32,1
1910,34,32,0
1911,35,32,0
1912,36,32,1
1913,38,32,1
1914,39,32,0
1915,40,32,0
1916,41,32,0
1917,42,32,1
1918,43,32,1
1919,44,32,1
1920,46,32,0
1921,48,32,0
1922,49,32,1
1923,50,32,0
1924,51,32,0
1925,52,32,0
1926,53,32,0
1927,54,32,0
1928,55,32,0
1929,56,32,1
1930,59,32,0
1931,60,32,0
1932,62,32,0
1933,64,32,1
1934,65,32,0
1935,67,32,1
1936,68,32,0
1937,69,32,0
1938,70,32,0
1939,71,32,0
1940,73,32,1
1941,74,32,1
1942,75,32,0
1943,76,32,0
1944,77,32,0
1945,79,32,1
1946,81,32,1
1947,82,32,0
1948,83,32,0
1949,84,32,0
1950,86,32,0
1951,87,32,0
1952,88,32,0
1953,89,32,0
1954,90,32,0
1955,91,32,0
1956,92,32,1
1957,94,32,0
1958,95,32,1
1959,96,32,0
1960,97,32,0
1961,2,33,0
1962,3,33,0
1963,4,33,0
1964,5,33,0
1965,7,33,0
1966,9,33,1
1967,10,33,0
1968,11,33,0
1969,13,33,0
1970,15,33,1
1971,17,33,1
1972,18,33,0
1973,19,33,0
1974,20,33,0
1975,21,33,1
1976,25,33,0
1977,27,33,1
1978,29,33,0
1979,31,33,0
1980,32,33,0
1981,34,33,0
1982,35,33,0
1983,36,33,0
1984,37,33,0
1985,40,33,0
1986,41,33,1
1987,43,33,0
1988,44,33,0
1989,45,33,1
1990,46,33,0
1991,47,33,0
1992,48,33,0
1993,50,33,1
1994,51,33,0
1995,52,33,1
1996,53,33,1
1997,54,33,1
1998,55,33,0
1999,56,33,0
2000,57,33,0
2001,59,33,0
2002,60,33,0
2003,61,33,0
2004,62,33,0
2005,63,33,0
2006,64,33,1
2007,65,33,0
2008,66,33,0
2009,71,33,0
2010,73,33,0
2011,75,33,0
2012,77,33,0
2013,78,33,1
2014,79,33,0
2015,80,33,0
2016,81,33,0
2017,86,33,0
2018,87,33,1
2019,88,33,1
2020,89,33,0
2021,90,33,1
2022,94,33,0
2023,95,33,1
2024,97,33,1
2025,0,34,1
2026,1,34,0
2027,3,34,1
2028,4,34,1
2029,8,34,1
2030,10,34,0
2031,11,34,0
2032,12,34,0
2033,14,34,0
2034,15,34,0
2035,16,34,0
2036,17,34,0
2037,19,34,0
2038,20,34,0
2039,22,34,0
2040,23,34,1
2041,25,34,0
2042,26,34,1
2043,28,34,1
2044,29,34,0
2045,30,34,1
2046,32,34,0
2047,34,34,1
2048,35,34,0
2049,39,34,1
2050,40,34,0
2051,41,34,0
2052,46,34,1
2053,48,34,0
2054,49,34,0
2055,50,34,0
2056,52,34,1
2057,53,34,1
2058,54,34,0
2059,56,34,0
2060,59,34,0
2061,62,34,0
2062,63,34,0
2063,65,34,0
2064,66,34,0
2065,67,34,1
2066,69,34,0
2067,71,34,1
2068,72,34,1
2069,73,34,0
2070,74,34,0
2071,75,34,1
2072,76,34,0
2073,77,34,0
2074,78,34,0
2075,81,34,0
2076,82,34,0
2077,84,34,1
2078,91,34,0
2079,92,34,1
2080,93,34,0
2081,1,35,0
2082,2,35,1
2083,3,35,0
2084,4,35,1
2085,5,35,1
2086,6,35,0
2087,7,35,1
2088,10,35,0
2089,12,35,1
2090,19,35,1
2091,20,35,1
2092,21,35,1
2093,22,35,0
2094,26,35,1
2095,27,35,0
2096,28,35,1
2097,32,35,1
2098,33,35,0
2099,34,35,0
2100,36,35,0
2101,37,35,0
2102,38,35,0
2103,39,35,1
2104,40,35,0
2105,41,35,0
2106,42,35,0
2107,43,35,0
2108,46,35,0
2109,48,35,0
2110,50,35,0
2111,53,35,0
2112,54,35,0
2113,55,35,0
2114,57,35,0
2115,62,35,0
2116,64,35,0
2117,65,35,0
2118,66,35,0
2119,67,35,1
2120,69,35,1
2121,72,35,0
2122,73,35,0
2123,78,35,0
2124,79,35,0
2125,81,35,0
2126,82,35,0
2127,83,35,1
2128,85,35,0
2129,86,35,1
2130,88,35,0
2131,90,35,0
2132,92,35,0
2133,95,35,0
2134,1,36,0
2135,2,36,1
2136,3,36,0
2137,4,36,1
2138,5,36,1
2139,7,36,1
2140,9,36,0
2141,15,36,1
2142,17,36,0
2143,18,36,1
2144,19,36,1
2145,20,36,1
2146,21,36,0
2147,22,36,0
2148,23,36,0
2149,26,36,0
2150,27,36,0
2151,29,36,1
2152,30,36,1
2153,31,36,0
2154,33,36,0
2155,34,36,0
2156,35,36,0
2157,39,36,0
2158,44,36,0
2159,47,36,1
2160,49,36,1
2161,50,36,0
2162,51,36,1
2163,52,36,1
2164,54,36,1
2165,56,36,0
2166,58,36,1
2167,59,36,0
2168,61,36,0
2169,64,36,0
2170,68,36,0
2171,69,36,0
2172,71,36,0
2173,72,36,1
2174,73,36,1
2175,76,36,0
2176,78,36,1
2177,79,36,0
2178,80,36,1
2179,81,36,1
2180,82,36,1
2181,83,36,0
2182,88,36,0
2183,89,36,0
2184,90,36,0
2185,91,36,0
2186,95,36,1
2187,0,37,1
2188,1,37,0
2189,2,37,1
2190,3,37,0
2191,5,37,0
2192,9,37,0
2193,10,37,0
2194,11,37,0
2195,12,37,1
2196,13,37,1
2197,14,37,0
2198,17,37,1
2199,20,37,0
2200,21,37,0
2201,23,37,0
2202,27,37,0
2203,28,37,1
2204,29,37,1
2205,30,37,0
2206,32,37,1
2207,34,37,0
2208,36,37,1
2209,40,37,1
2210,43,37,0
2211,44,37,0
2212,45,37,1
2213,46,37,0
2214,47,37,1
2215,51,37,0
2216,52,37,0
2217,54,37,1
2218,55,37,0
2219,57,37,0
2220,58,37,0
2221,59,37,0
2222,60,37,1
2223,63,37,0
2224,65,37,0
2225,66,37,1
2226,67,37,0
2227,68,37,1
2228,69,37,1
2229,70,37,1
2230,72,37,1
2231,73,37,0
2232,77,37,0
2233,80,37,0
2234,81,37,1
2235,82,37,0
2236,83,37,1
2237,84,37,1
2238,87,37,0
2239,88,37,0
2240,89,37,1
2241,90,37,1
2242,91,37,1
2243,96,37,0
2244,0,38,1
2245,1,38,0
2246,6,38,1
2247,8,38,1
2248,11,38,0
2249,14,38,0
2250,20,38,0
2251,21,38,0
2252,22,38,0
2253,24,38,1
2254,25,38,0
2255,26,38,0
2256,27,38,0
2257,28,38,1
2258,31,38,1
2259,33,38,0
2260,34,38,1
2261,36,38,1
2262,38,38,0
2263,40,38,0
2264,43,38,0
2265,44,38,1
2266,46,38,0
2267,47,38,0
2268,48,38,0
2269,50,38,0
2270,51,38,0
2271,54,38,0
2272,56,38,0
2273,58,38,0
2274,59,38,1
2275,60,38,1
2276,61,38,0
2277,64,38,1
2278,65,38,0
2279,66,38,0
2280,67,38,1
2281,68,38,0
2282,70,38,0
2283,71,38,1
2284,72,38,1
2285,74,38,0
2286,75,38,0
2287,76,38,0
2288,77,38,0
2289,79,38,0
2290,83,38,0
2291,85,38,0
2292,87,38,1
2293,89,38,0
2294,91,38,0
2295,92,38,0
2296,93,38,0
2297,96,38,0
2298,97,38,0
2299,0,39,0
2300,3,39,1
2301,4,39,0
2302,5,39,1
2303,6,39,0
2304,8,39,1
2305,9,39,1
2306,10,39,0
2307,12,39,1
2308,13,39,0
2309,14,39,1
2310,15,39,1
2311,16,39,1
2312,17,39,1
2313,18,39,1
2314,20,39,1
2315,22,39,1
2316,27,39,0
2317,28,39,0
2318,30,39,1
2319,31,39,1
2320,32,39,1
2321,33,39,1
2322,37,39,1
2323,42,39,1
2324,43,39,1
2325,44,39,0
2326,45,39,0
2327,46,39,1
2328,47,39,1
2329,48,39,1
2330,49,39,1
2331,50,39,0
2332,51,39,0
2333,52,39,1
2334,54,39,0
2335,55,39,0
2336,56,39,1
2337,57,39,1
2338,58,39,0
2339,61,39,0
2340,62,39,1
2341,65,39,1
2342,67,39,1
2343,68,39,1
2344,69,39,0
2345,71,39,0
2346,72,39,1
2347,74,39,1
2348,76,39,0
2349,77,39,0
2350,78,39,1
2351,83,39,0
2352,85,39,0
2353,86,39,1
2354,87,39,0
2355,88,39,0
2356,89,39,0
2357,92,39,0
2358,93,39,0
2359,94,39,0
2360,95,39,1
2361,97,39,1
2362,0,40,0
2363,1,40,0
2364,3,40,0
2365,4,40,0
2366,5,40,0
2367,7,40,0
2368,10,40,1
2369,13,40,0
2370,15,40,0
2371,17,40,0
2372,19,40,0
2373,20,40,0
2374,21,40,0
2375,24,40,0
2376,25,40,1
2377,26,40,1
2378,27,40,1
2379,28,40,0
2380,29,40,0
2381,31,40,1
2382,33,40,0
2383,34,40,1
2384,37,40,0
2385,39,40,1
2386,40,40,1
2387,42,40,0
2388,43,40,0
2389,44,40,1
2390,45,40,1
2391,47,40,0
2392,50,40,0
2393,51,40,1
2394,52,40,1
2395,53,40,0
2396,54,40,1
2397,58,40,0
2398,59,40,1
2399,61,40,0
2400,62,40,0
2401,64,40,1
2402,65,40,0
2403,66,40,1
2404,67,40,1
2405,70,40,1
2406,72,40,1
2407,73,40,0
2408,74,40,0
2409,77,40,0
2410,78,40,0
2411,80,40,0
2412,82,40,0
2413,88,40,0
2414,89,40,0
2415,91,40,0
2416,92,40,0
2417,93,40,0
2418,96,40,0
2419,1,41,0
2420,3,41,1
2421,5,41,1
2422,7,41,0
2423,9,41,0
2424,11,41,0
2425,12,41,0
2426,13,41,1
2427,15,41,0
2428,16,41,0
2429,19,41,1
2430,24,41,0
2431,25,41,0
2432,26,41,0
2433,29,41,0
2434,30,41,1
2435,33,41,1
2436,36,41,1
2437,37,41,0
2438,38,41,0
2439,39,41,0
2440,43,41,1
2441,45,41,1
2442,46,41,1
2443,50,41,0
2444,52,41,0
2445,56,41,0
2446,58,41,0
2447,59,41,1
2448,60,41,0
2449,63,41,1
2450,64,41,0
2451,65,41,1
2452,67,41,0
2453,68,41,1
2454,72,41,1
2455,73,41,0
2456,74,41,1
2457,75,41,0
2458,76,41,0
2459,77,41,0
2460,78,41,0
2461,79,41,0
2462,80,41,1
2463,81,41,1
2464,82,41,0
2465,83,41,0
2466,84,41,1
2467,85,41,0
2468,86,41,1
2469,88,41,0
2470,89,41,1
2471,90,41,0
2472,94,41,1
2473,96,41,1
2474,97,41,0
2475,1,42,1
2476,3,42,1
2477,4,42,1
2478,5,42,0
2479,6,42,1
2480,7,42,0
2481,8,42,0
2482,9,42,0
2483,10,42,1
2484,11,42,1
2485,12,42,0
2486,13,42,0
2487,14,42,0
2488,15,42,0
2489,16,42,1
2490,17,42,1
2491,18,42,0
2492,19,42,0
2493,20,42,1
2494,22,42,0
2495,23,42,1
2496,25,42,0
2497,27,42,0
2498,28,42,1
2499,30,42,1
2500,31,42,1
2501,33,42,1
2502,34,42,0
2503,35,42,1
2504,37,42,0
2505,39,42,0
2506,40,42,0
2507,42,42,0
2508,45,42,1
2509,46,42,1
2510,47,42,0
2511,50,42,1
2512,51,42,0
2513,54,42,1
2514,55,42,0
2515,56,42,0
2516,57,42,0
2517,58,42,0
2518,60,42,1
2519,61,42,0
2520,66,42,0
2521,67,42,0
2522,68,42,1
2523,70,42,1
2524,71,42,0
2525,73,42,0
2526,74,42,0
2527,75,42,0
2528,76,42,1
2529,78,42,0
2530,80,42,0
2531,81,42,0
2532,82,42,0
2533,83,42,1
2534,86,42,1
2535,89,42,1
2536,91,42,1
2537,92,42,0
2538,93,42,1
2539,94,42,0
2540,95,42,1
2541,96,42,0
2542,97,42,1
2543,1,43,0
2544,2,43,1
2545,3,43,0
2546,5,43,0
2547,6,43,0
2548,9,43,0
2549,10,43,1
2550,11,43,0
2551,12,43,0
2552,13,43,0
2553,14,43,0
2554,16,43,0
2555,19,43,0
2556,20,43,0
2557,21,43,0
2558,22,43,1
2559,24,43,1
2560,26,43,1
2561,29,43,0
2562,33,43,0
2563,36,43,1
2564,37,43,0
2565,39,43,0
2566,42,43,0
2567,43,43,0
2568,45,43,1
2569,46,43,0
2570,49,43,0
2571,50,43,0
2572,54,43,1
2573,55,43,1
2574,56,43,1
2575,60,43,0
2576,62,43,0
2577,65,43,0
2578,66,43,0
2579,67,43,1
2580,68,43,0
2581,71,43,0
2582,74,43,0
2583,76,43,0
2584,77,43,0
2585,78,43,0
2586,81,43,0
2587,82,43,0
2588,83,43,0
2589,84,43,1
2590,85,43,0
2591,86,43,0
2592,89,43,0
2593,90,43,1
2594,92,43,0
2595,93,43,0
2596,94,43,1
2597,95,43,0
2598,97,43,0
2599,4,44,0
2600,5,44,0
2601,6,44,0
2602,8,44,0
2603,9,44,0
2604,12,44,1
2605,14,44,0
2606,16,44,0
2607,17,44,0
2608,18,44,0
2609,19,44,1
2610,20,44,0
2611,23,44,0
2612,24,44,0
2613,26,44,0
2614,27,44,0
2615,30,44,0
2616,32,44,0
2617,36,44,1
2618,37,44,0
2619,38,44,0
2620,40,44,1
2621,41,44,0
2622,42,44,0
2623,43,44,0
2624,45,44,0
2625,47,44,1
2626,48,44,0
2627,50,44,1
2628,51,44,0
2629,52,44,0
2630,53,44,0
2631,54,44,0
2632,55,44,0
2633,56,44,0
2634,57,44,1
2635,58,44,0
2636,62,44,0
2637,63,44,0
2638,66,44,0
2639,67,44,1
2640,70,44,0
2641,71,44,1
2642,73,44,0
2643,74,44,1
2644,75,44,0
2645,76,44,1
2646,78,44,0
2647,79,44,0
2648,82,44,0
2649,83,44,0
2650,85,44,0
2651,88,44,1
2652,89,44,0
2653,91,44,0
2654,93,44,1
2655,94,44,1
2656,96,44,1
2657,97,44,1
2658,0,45,1
2659,2,45,0
2660,5,45,1
2661,6,45,0
2662,7,45,0
2663,8,45,1
2664,11,45,1
2665,15,45,1
2666,17,45,1
2667,21,45,0
2668,22,45,0
2669,25,45,1
2670,26,45,1
2671,28,45,1
2672,29,45,1
2673,30,45,1
2674,31,45,0
2675,34,45,0
2676,35,45,0
2677,36,45,0
2678,37,45,0
2679,38,45,1
2680,40,45,0
2681,44,45,0
2682,45,45,0
2683,46,45,0
2684,47,45,0
2685,48,45,0
2686,49,45,1
2687,50,45,0
2688,51,45,0
2689,52,45,0
2690,53,45,1
2691,54,45,1
2692,55,45,1
2693,57,45,1
2694,60,45,0
2695,61,45,0
2696,63,45,1
2697,64,45,1
2698,69,45,0
2699,70,45,0
2700,74,45,0
2701,76,45,0
2702,77,45,1
2703,79,45,0
2704,81,45,1
2705,82,45,1
2706,84,45,1
2707,86,45,1
2708,87,45,0
2709,88,45,0
2710,89,45,1
2711,90,45,0
2712,91,45,1
2713,92,45,0
2714,93,45,0
2715,94,45,0
2716,96,45,1
2717,97,45,0
2718,0,46,1
2719,1,46,1
2720,2,46,0
2721,4,46,0
2722,5,46,1
2723,9,46,1
2724,11,46,0
2725,12,46,0
2726,14,46,0
2727,15,46,0
2728,16,46,0
2729,17,46,0
2730,18,46,0
2731,19,46,0
2732,20,46,1
2733,22,46,1
2734,23,46,0
2735,27,46,0
2736,28,46,0
2737,29,46,0
2738,34,46,0
2739,35,46,1
2740,38,46,1
2741,44,46,1
2742,45,46,1
2743,46,46,0
2744,47,46,1
2745,50,46,0
2746,52,46,0
2747,53,46,0
2748,55,46,0
2749,57,46,0
2750,59,46,0
2751,61,46,1
2752,62,46,0
2753,63,46,0
2754,64,46,0
2755,65,46,0
2756,66,46,1
2757,68,46,1
2758,72,46,1
2759,73,46,1
2760,76,46,1
2761,77,46,0
2762,78,46,0
2763,80,46,0
2764,81,46,0
2765,82,46,0
2766,84,46,1
2767,86,46,1
2768,87,46,0
2769,88,46,1
2770,89,46,1
2771,90,46,0
2772,92,46,1
2773,93,46,1
2774,94,46,0
2775,96,46,0
2776,1,47,1
2777,2,47,0
2778,4,47,0
2779,5,47,0
2780,6,47,1
2781,8,47,0
2782,9,47,0
2783,10,47,1
2784,11,47,0
2785,13,47,1
2786,14,47,0
2787,15,47,0
2788,16,47,0
2789,17,47,1
2790,18,47,1
2791,20,47,0
2792,22,47,1
2793,24,47,0
2794,25,47,0
2795,27,47,0
2796,30,47,1
2797,31,47,1
2798,32,47,0
2799,35,47,0
2800,37,47,0
2801,39,47,1
2802,40,47,1
2803,41,47,1
2804,42,47,0
2805,43,47,0
2806,44,47,0
2807,45,47,0
2808,47,47,1
2809,48,47,1
2810,51,47,1
2811,52,47,0
2812,55,47,0
2813,57,47,0
2814,59,47,1
2815,61,47,1
2816,62,47,0
2817,63,47,0
2818,65,47,0
2819,66,47,1
2820,69,47,0
2821,70,47,1
2822,72,47,0
2823,73,47,0
2824,77,47,1
2825,78,47,0
2826,79,47,0
2827,80,47,1
2828,81,47,0
2829,84,47,0
2830,86,47,0
2831,89,47,1
2832,91,47,1
2833,92,47,0
2834,97,47,1
2835,0,48,1
2836,1,48,1
2837,2,48,0
2838,4,48,0
2839,5,48,0
2840,6,48,1
2841,8,48,1
2842,9,48,0
2843,14,48,0
2844,15,48,0
2845,16,48,0
2846,17,48,1
2847,18,48,1
2848,19,48,0
2849,21,48,0
2850,22,48,1
2851,23,48,0
2852,24,48,0
2853,27,48,0
2854,29,48,1
2855,31,48,1
2856,35,48,1
2857,36,48,1
2858,37,48,0
2859,38,48,0
2860,39,48,0
2861,41,48,1
2862,42,48,0
2863,44,48,1
2864,46,48,0
2865,47,48,0
2866,49,48,0
2867,52,48,0
2868,54,48,1
2869,55,48,0
2870,56,48,0
2871,58,48,0
2872,59,48,1
2873,60,48,1
2874,62,48,0
2875,63,48,0
2876,64,48,0
2877,65,48,0
2878,66,48,0
2879,67,48,0
2880,68,48,1
2881,69,48,1
2882,71,48,1
2883,72,48,0
2884,73,48,0
2885,74,48,0
2886,75,48,0
2887,77,48,0
2888,78,48,0
2889,79,48,1
2890,80,48,1
2891,82,48,0
2892,85,48,0
2893,86,48,1
2894,87,48,0
2895,89,48,1
2896,91,48,0
2897,92,48,1
2898,93,48,1
2899,96,48,0
2900,97,48,1
2901,2,49,1
2902,4,49,1
2903,5,49,1
2904,8,49,1
2905,14,49,0
2906,15,49,1
2907,16,49,1
2908,17,49,1
2909,18,49,1
2910,20,49,0
2911,21,49,1
2912,22,49,0
2913,23,49,1
2914,26,49,0
2915,27,49,1
2916,30,49,0
2917,32,49,1
2918,33,49,0
2919,34,49,1
2920,35,49,0
2921,37,49,1
2922,39,49,1
2923,40,49,1
2924,42,49,1
2925,43,49,0
2926,44,49,1
2927,47,49,0
2928,48,49,0
2929,50,49,0
2930,51,49,1
2931,52,49,1
2932,54,49,0
2933,55,49,1
2934,57,49,0
2935,58,49,0
2936,59,49,1
2937,60,49,0
2938,61,49,0
2939,63,49,0
2940,64,49,1
2941,65,49,0
2942,66,49,0
2943,67,49,0
2944,68,49,0
2945,69,49,1
2946,71,49,1
2947,72,49,1
2948,73,49,0
2949,74,49,0
2950,75,49,1
2951,78,49,0
2952,80,49,0
2953,81,49,0
2954,82,49,1
2955,83,49,0
2956,85,49,0
2957,87,49,1
2958,88,49,0
2959,89,49,0
2960,90,49,0
2961,91,49,0
2962,92,49,1
2963,93,49,0
2964,95,49,0
2965,96,49,0
2966,97,49,1
2967,0,50,1
2968,1,50,1
2969,2,50,1
2970,3,50,1
2971,4,50,1
2972,5,50,0
2973,6,50,0
2974,7,50,0
2975,8,50,0
2976,9,50,1
2977,10,50,0
2978,11,50,0
2979,14,50,0
2980,18,50,1
2981,21,50,0
2982,22,50,0
2983,24,50,1
2984,26,50,0
2985,27,50,1
2986,28,50,1
2987,29,50,1
2988,30,50,1
2989,32,50,0
2990,33,50,1
2991,34,50,1
2992,35,50,0
2993,36,50,0
2994,37,50,0
2995,38,50,1
2996,39,50,0
2997,41,50,1
2998,43,50,0
2999,45,50,1
3000,46,50,1
3001,48,50,0
3002,49,50,0
3003,53,50,0
3004,54,50,0
3005,55,50,1
3006,56,50,1
3007,58,50,0
3008,60,50,0
3009,63,50,1
3010,64,50,0
3011,66,50,0
3012,71,50,1
3013,72,50,1
3014,73,50,0
3015,74,50,0
3016,75,50,1
3017,76,50,0
3018,78,50,0
3019,79,50,0
3020,80,50,0
3021,82,50,0
3022,83,50,0
3023,85,50,0
3024,87,50,0
3025,89,50,0
3026,90,50,0
3027,91,50,0
3028,94,50,1
3029,95,50,0
3030,0,51,0
3031,6,51,0
3032,7,51,1
3033,8,51,0
3034,9,51,0
3035,13,51,0
3036,14,51,0
3037,15,51,1
3038,16,51,1
3039,17,51,0
3040,18,51,0
3041,19,51,1
3042,22,51,0
3043,23,51,0
3044,24,51,0
3045,25,51,1
3046,28,51,1
3047,29,51,1
3048,30,51,1
3049,31,51,0
3050,32,51,1
3051,34,51,1
3052,35,51,0
3053,36,51,1
3054,37,51,1
3055,38,51,1
3056,39,51,0
3057,40,51,0
3058,41,51,0
3059,42,51,1
3060,43,51,0
3061,45,51,0
3062,46,51,0
3063,47,51,0
3064,49,51,1
3065,50,51,0
3066,52,51,1
3067,53,51,1
3068,54,51,0
3069,55,51,1
3070,57,51,1
3071,58,51,1
3072,59,51,0
3073,62,51,1
3074,63,51,1
3075,64,51,1
3076,66,51,0
3077,67,51,0
3078,70,51,0
3079,71,51,0
3080,73,51,1
3081,74,51,0
3082,76,51,0
3083,77,51,0
3084,78,51,1
3085,79,51,1
3086,80,51,1
3087,81,51,1
3088,83,51,0
3089,84,51,0
3090,85,51,1
3091,89,51,1
3092,90,51,1
3093,93,51,0
3094,94,51,0
3095,95,51,1
3096,96,51,0
3097,97,51,0
3098,1,52,1
3099,4,52,1
3100,5,52,0
3101,8,52,1
3102,11,52,0
3103,16,52,0
3104,17,52,1
3105,19,52,0
3106,21,52,0
3107,23,52,1
3108,24,52,1
3109,26,52,0
3110,27,52,1
3111,30,52,0
3112,33,52,0
3113,34,52,1
3114,38,52,1
3115,39,52,0
3116,40,52,1
3117,41,52,0
3118,48,52,0
3119,49,52,0
3120,50,52,0
3121,51,52,0
3122,55,52,0
3123,56,52,0
3124,58,52,0
3125,59,52,1
3126,60,52,1
3127,63,52,0
3128,64,52,0
3129,66,52,1
3130,67,52,1
3131,71,52,1
3132,72,52,0
3133,73,52,0
3134,74,52,0
3135,79,52,0
3136,80,52,1
3137,81,52,0
3138,82,52,0
3139,86,52,0
3140,87,52,0
3141,88,52,0
3142,89,52,0
3143,92,52,1
3144,93,52,0
3145,95,52,1
3146,97,52,0
3147,0,53,1
3148,4,53,0
3149,6,53,1
3150,7,53,0
3151,10,53,0
3152,11,53,0
3153,13,53,1
3154,14,53,1
3155,17,53,1
3156,19,53,0
3157,21,53,1
3158,22,53,1
3159,23,53,0
3160,24,53,0
3161,25,53,0
3162,26,53,0
3163,27,53,0
3164,29,53,0
3165,30,53,0
3166,31,53,0
3167,32,53,0
3168,33,53,0
3169,34,53,1
3170,35,53,1
3171,36,53,0
3172,38,53,0
3173,41,53,1
3174,42,53,0
3175,44,53,0
3176,46,53,0
3177,47,53,1
3178,48,53,0
3179,50,53,0
3180,51,53,1
3181,52,53,0
3182,54,53,1
3183,55,53,1
3184,56,53,0
3185,57,53,0
3186,61,53,0
3187,63,53,0
3188,65,53,0
3189,67,53,0
3190,68,53,1
3191,70,53,0
3192,71,53,0
3193,72,53,0
3194,75,53,0
3195,76,53,1
3196,77,53,1
3197,78,53,1
3198,79,53,0
3199,80,53,1
3200,81,53,0
3201,82,53,0
3202,83,53,1
3203,84,53,1
3204,91,53,0
3205,93,53,0
3206,94,53,0
3207,96,53,1
3208,97,53,1
3209,0,54,1
3210,1,54,0
3211,2,54,1
3212,4,54,0
3213,5,54,1
3214,6,54,1
3215,8,54,0
3216,10,54,0
3217,14,54,0
3218,15,54,0
3219,16,54,1
3220,17,54,0
3221,19,54,1
3222,21,54,0
3223,23,54,0
3224,24,54,0
3225,25,54,1
3226,26,54,0
3227,27,54,0
3228,28,54,0
3229,30,54,0
3230,32,54,0
3231,35,54,0
3232,36,54,0
3233,37,54,1
3234,39,54,0
3235,46,54,0
3236,47,54,1
3237,48,54,1
3238,49,54,0
3239,50,54,1
3240,51,54,0
3241,52,54,0
3242,56,54,1
3243,57,54,1
3244,60,54,0
3245,63,54,1
3246,64,54,0
3247,67,54,1
3248,68,54,0
3249,72,54,1
3250,73,54,1
3251,75,54,0
3252,77,54,1
3253,78,54,1
3254,79,54,1
3255,84,54,1
3256,85,54,0
3257,87,54,0
3258,89,54,0
3259,90,54,0
3260,91,54,1
3261,92,54,0
3262,95,54,0
3263,96,54,0
3264,97,54,0
3265,2,55,1
3266,4,55,1
3267,7,55,0
3268,11,55,0
3269,12,55,1
3270,13,55,0
3271,14,55,1
3272,16,55,0
3273,17,55,0
3274,20,55,0
3275,22,55,0
3276,23,55,1
3277,25,55,0
3278,27,55,0
3279,28,55,1
3280,30,55,1
3281,31,55,1
3282,34,55,1
3283,35,55,0
3284,36,55,0
3285,37,55,0
3286,38,55,0
3287,40,55,0
3288,41,55,0
3289,47,55,0
3290,48,55,0
3291,49,55,0
3292,50,55,0
3293,51,55,0
3294,53,55,0
3295,56,55,0
3296,57,55,0
3297,58,55,0
3298,59,55,1
3299,60,55,0
3300,63,55,0
3301,64,55,0
3302,65,55,0
3303,68,55,0
3304,69,55,0
3305,71,55,1
3306,72,55,0
3307,73,55,0
3308,74,55,0
3309,75,55,1
3310,76,55,0
3311,77,55,1
3312,78,55,1
3313,79,55,0
3314,81,55,0
3315,82,55,0
3316,83,55,0
3317,88,55,1
3318,89,55,0
3319,91,55,0
3320,93,55,0
3321,94,55,1
3322,97,55,0
3323,0,56,0
3324,1,56,1
3325,3,56,0
3326,4,56,1
3327,5,56,0
3328,7,56,1
3329,12,56,1
3330,13,56,1
3331,14,56,1
3332,15,56,0
3333,16,56,0
3334,18,56,0
3335,19,56,0
3336,22,56,1
3337,23,56,1
3338,25,56,1
3339,26,56,0
3340,27,56,0
3341,30,56,0
3342,31,56,0
3343,33,56,1
3344,37,56,0
3345,39,56,0
3346,40,56,1
3347,41,56,1
3348,44,56,0
3349,45,56,1
3350,46,56,1
3351,48,56,1
3352,49,56,1
3353,50,56,1
3354,51,56,0
3355,52,56,0
3356,53,56,1
3357,54,56,0
3358,56,56,0
3359,57,56,0
3360,59,56,0
3361,60,56,1
3362,61,56,1
3363,62,56,0
3364,63,56,1
3365,64,56,1
3366,65,56,1
3367,66,56,0
3368,67,56,0
3369,68,56,0
3370,69,56,1
3371,70,56,1
3372,72,56,0
3373,73,56,0
3374,75,56,0
3375,80,56,0
3376,83,56,1
3377,85,56,0
3378,86,56,1
3379,87,56,1
3380,90,56,1
3381,93,56,1
3382,94,56,0
3383,95,56,0
3384,96,56,0
3385,0,57,0
3386,2,57,0
3387,4,57,1
3388,5,57,1
3389,6,57,0
3390,7,57,1
3391,8,57,0
3392,10,57,1
3393,11,57,0
3394,14,57,1
3395,16,57,1
3396,17,57,0
3397,18,57,1
3398,21,57,0
3399,22,57,0
3400,23,57,0
3401,27,57,1
3402,28,57,0
3403,29,57,0
3404,30,57,1
3405,31,57,0
3406,33,57,0
3407,36,57,0
3408,40,57,1
3409,42,57,1
3410,44,57,0
3411,46,57,1
3412,47,57,0
3413,48,57,0
3414,49,57,1
3415,50,57,0
3416,52,57,1
3417,57,57,1
3418,58,57,1
3419,59,57,0
3420,60,57,0
3421,61,57,0
3422,63,57,1
3423,64,57,0
3424,65,57,1
3425,66,57,1
3426,68,57,0
3427,71,57,1
3428,72,57,1
3429,75,57,0
3430,79,57,1
3431,84,57,1
3432,90,57,0
3433,91,57,0
3434,92,57,0
3435,93,57,0
3436,94,57,0
3437,95,57,1
3438,96,57,0
3439,97,57,1
3440,0,58,1
3441,2,58,0
3442,3,58,0
3443,5,58,0
3444,6,58,1
3445,8,58,1
3446,9,58,0
3447,10,58,0
3448,11,58,1
3449,14,58,1
3450,15,58,1
3451,16,58,0
3452,17,58,0
3453,19,58,1
3454,21,58,1
3455,22,58,1
3456,23,58,0
3457,24,58,1
3458,25,58,0
3459,26,58,0
3460,27,58,0
3461,30,58,1
3462,31,58,0
3463,33,58,1
3464,34,58,0
3465,36,58,0
3466,38,58,0
3467,39,58,0
3468,40,58,0
3469,43,58,1
3470,45,58,0
3471,46,58,0
3472,48,58,1
3473,50,58,0
3474,51,58,0
3475,53,58,1
3476,54,58,0
3477,55,58,0
3478,56,58,0
3479,57,58,1
3480,58,58,1
3481,59,58,0
3482,60,58,0
3483,62,58,0
3484,64,58,0
3485,65,58,0
3486,67,58,1
3487,68,58,0
3488,69,58,0
3489,71,58,0
3490,73,58,1
3491,75,58,0
3492,77,58,1
3493,78,58,0
3494,79,58,1
3495,80,58,0
3496,82,58,1
3497,88,58,1
3498,89,58,0
3499,90,58,0
3500,91,58,0
3501,92,58,0
3502,93,58,0
3503,2,59,0
3504,4,59,1
3505,5,59,1
3506,6,59,0
3507,7,59,1
3508,8,59,0
3509,9,59,1
3510,10,59,1
3511,11,59,1
3512,12,59,1
3513,14,59,1
3514,17,59,1
3515,18,59,0
3516,20,59,1
3517,23,59,0
3518,26,59,0
3519,27,59,0
3520,28,59,0
3521,29,59,1
3522,32,59,1
3523,34,59,0
3524,36,59,1
3525,37,59,0
3526,38,59,1
3527,39,59,0
3528,40,59,1
3529,41,59,1
3530,42,59,1
3531,45,59,0
3532,46,59,0
3533,47,59,1
3534,48,59,0
3535,51,59,0
3536,56,59,1
3537,59,59,0
3538,61,59,0
3539,65,59,1
3540,66,59,1
3541,67,59,0
3542,68,59,0
3543,71,59,0
3544,72,59,0
3545,73,59,0
3546,74,59,0
3547,75,59,0
3548,76,59,0
3549,79,59,1
3550,80,59,1
3551,82,59,1
3552,83,59,0
3553,84,59,1
3554,85,59,1
3555,87,59,0
3556,88,59,0
3557,89,59,0
3558,90,59,0
3559,91,59,0
3560,92,59,0
3561,93,59,1
3562,94,59,1
3563,96,59,0
3564,97,59,0
3565,1,60,0
3566,2,60,1
3567,9,60,1
3568,10,60,0
3569,11,60,0
3570,12,60,0
3571,13,60,0
3572,15,60,0
3573,16,60,0
3574,18,60,1
3575,19,60,0
3576,20,60,0
3577,22,60,0
3578,23,60,0
3579,25,60,0
3580,27,60,1
3581,28,60,1
3582,33,60,0
3583,34,60,1
3584,35,60,0
3585,36,60,1
3586,37,60,0
3587,38,60,0
3588,40,60,0
3589,41,60,1
3590,42,60,0
3591,44,60,1
3592,45,60,1
3593,46,60,0
3594,47,60,0
3595,48,60,0
3596,49,60,0
3597,50,60,0
3598,57,60,0
3599,58,60,0
3600,59,60,0
3601,61,60,0
3602,62,60,0
3603,63,60,0
3604,64,60,1
3605,65,60,1
3606,66,60,0
3607,68,60,0
3608,69,60,0
3609,70,60,0
3610,71,60,1
3611,76,60,0
3612,77,60,0
3613,79,60,0
3614,82,60,0
3615,83,60,0
3616,84,60,0
3617,86,60,0
3618,89,60,0
3619,90,60,1
3620,92,60,0
3621,93,60,0
3622,94,60,0
3623,95,60,0
3624,96,60,1
3625,97,60,0
3626,0,61,0
3627,2,61,0
3628,3,61,0
3629,5,61,1
3630,7,61,0
3631,8,61,1
3632,10,61,0
3633,11,61,0
3634,12,61,0
3635,13,61,1
3636,14,61,1
3637,17,61,1
3638,18,61,0
3639,19,61,0
3640,21,61,0
3641,23,61,0
3642,25,61,0
3643,26,61,0
3644,27,61,0
3645,28,61,0
3646,29,61,0
3647,31,61,1
3648,34,61,0
3649,35,61,1
3650,37,61,0
3651,38,61,0
3652,39,61,0
3653,40,61,0
3654,41,61,1
3655,43,61,0
3656,46,61,0
3657,48,61,1
3658,49,61,0
3659,51,61,0
3660,52,61,0
3661,53,61,0
3662,57,61,0
3663,58,61,0
3664,60,61,1
3665,61,61,1
3666,63,61,0
3667,64,61,0
3668,65,61,0
3669,69,61,1
3670,70,61,1
3671,72,61,0
3672,74,61,0
3673,78,61,0
3674,81,61,0
3675,82,61,0
3676,83,61,1
3677,84,61,0
3678,85,61,0
3679,86,61,0
3680,87,61,1
3681,88,61,1
3682,89,61,0
3683,91,61,1
3684,92,61,1
3685,93,61,0
3686,94,61,0
3687,95,61,0
3688,97,61,0
3689,0,62,1
3690,1,62,1
3691,4,62,1
3692,5,62,0
3693,8,62,1
3694,10,62,1
3695,12,62,0
3696,14,62,0
3697,16,62,0
3698,18,62,1
3699,19,62,0
3700,21,62,0
3701,22,62,0
3702,23,62,0
3703,27,62,0
3704,28,62,1
3705,31,62,1
3706,32,62,0
3707,34,62,1
3708,38,62,1
3709,40,62,0
3710,43,62,0
3711,45,62,0
3712,47,62,0
3713,48,62,0
3714,51,62,1
3715,53,62,0
3716,54,62,0
3717,56,62,1
3718,57,62,0
3719,58,62,1
3720,59,62,1
3721,60,62,0
3722,61,62,1
3723,68,62,0
3724,71,62,1
3725,73,62,0
3726,74,62,0
3727,76,62,0
3728,78,62,0
3729,79,62,0
3730,83,62,0
3731,84,62,0
3732,87,62,1
3733,88,62,1
3734,89,62,0
3735,90,62,0
3736,91,62,1
3737,94,62,0
3738,96,62,1
3739,97,62,0
3740,0,63,0
3741,4,63,1
3742,5,63,0
3743,6,63,0
3744,7,63,0
3745,8,63,0
3746,11,63,0
3747,12,63,0
3748,14,63,1
3749,18,63,1
3750,20,63,0
3751,21,63,0
3752,22,63,0
3753,23,63,1
3754,24,63,1
3755,26,63,0
3756,27,63,0
3757,30,63,0
3758,31,63,0
3759,32,63,0
3760,33,63,0
3761,38,63,1
3762,39,63,1
3763,40,63,0
3764,41,63,0
3765,43,63,0
3766,46,63,1
3767,47,63,0
3768,49,63,0
3769,50,63,0
3770,54,63,0
3771,56,63,0
3772,58,63,1
3773,61,63,0
3774,63,63,1
3775,64,63,1
3776,65,63,1
3777,68,63,0
3778,71,63,0
3779,72,63,0
3780,73,63,0
3781,76,63,0
3782,77,63,1
3783,78,63,0
3784,80,63,0
3785,81,63,1
3786,82,63,1
3787,83,63,1
3788,84,63,1
3789,85,63,0
3790,89,63,0
3791,91,63,0
3792,93,63,0
3793,96,63,1
3794,97,63,0
3795,0,64,0
3796,1,64,1
3797,2,64,0
3798,3,64,0
3799,6,64,0
3800,7,64,0
3801,9,64,0
3802,11,64,0
3803,13,64,0
3804,14,64,1
3805,16,64,1
3806,17,64,0
3807,18,64,0
3808,20,64,1
3809,22,64,0
3810,23,64,0
3811,24,64,0
3812,29,64,1
3813,31,64,1
3814,33,64,0
3815,35,64,0
3816,36,64,0
3817,38,64,1
3818,40,64,1
3819,41,64,1
3820,44,64,0
3821,48,64,0
3822,49,64,1
3823,50,64,0
3824,51,64,0
3825,53,64,0
3826,54,64,0
3827,55,64,1
3828,56,64,1
3829,57,64,1
3830,58,64,0
3831,61,64,0
3832,62,64,0
3833,64,64,0
3834,65,64,1
3835,66,64,1
3836,68,64,0
3837,71,64,0
3838,72,64,1
3839,73,64,1
3840,74,64,0
3841,76,64,0
3842,77,64,0
3843,78,64,1
3844,79,64,1
3845,80,64,1
3846,82,64,0
3847,83,64,0
3848,89,64,0
3849,91,64,0
3850,93,64,0
3851,96,64,0
3852,97,64,1
3853,0,65,0
3854,1,65,0
3855,2,65,0
3856,3,65,1
3857,4,65,1
3858,7,65,0
3859,9,65,1
3860,10,65,0
3861,12,65,1
3862,13,65,0
3863,15,65,1
3864,17,65,0
3865,18,65,1
3866,20,65,1
3867,25,65,1
3868,26,65,1
3869,27,65,1
3870,30,65,0
3871,32,65,1
3872,33,65,0
3873,34,65,1
3874,35,65,0
3875,36,65,1
3876,40,65,0
3877,42,65,0
3878,46,65,1
3879,47,65,0
3880,49,65,0
3881,50,65,0
3882,51,65,1
3883,52,65,1
3884,55,65,0
3885,57,65,0
3886,59,65,1
3887,60,65,0
3888,61,65,0
3889,65,65,0
3890,66,65,1
3891,67,65,0
3892,70,65,0
3893,71,65,1
3894,72,65,0
3895,73,65,0
3896,74,65,1
3897,75,65,0
3898,77,65,1
3899,80,65,0
3900,81,65,0
3901,83,65,1
3902,87,65,1
3903,88,65,1
3904,90,65,0
3905,92,65,0
3906,94,65,0
3907,95,65,0
3908,96,65,1
3909,97,65,0
3910,0,66,0
3911,2,66,1
3912,4,66,1
3913,6,66,1
3914,10,66,1
3915,11,66,1
3916,12,66,1
3917,13,66,0
3918,14,66,1
3919,15,66,1
3920,16,66,0
3921,17,66,0
3922,23,66,0
3923,25,66,1
3924,28,66,0
3925,32,66,1
3926,34,66,1
3927,35,66,0
3928,36,66,0
3929,38,66,0
3930,39,66,0
3931,40,66,1
3932,43,66,1
3933,44,66,0
3934,46,66,0
3935,47,66,0
3936,48,66,1
3937,49,66,1
3938,50,66,0
3939,51,66,0
3940,54,66,0
3941,57,66,1
3942,58,66,0
3943,60,66,0
3944,61,66,0
3945,62,66,0
3946,64,66,0
3947,65,66,0
3948,66,66,0
3949,67,66,0
3950,68,66,1
3951,69,66,0
3952,71,66,0
3953,72,66,1
3954,73,66,0
3955,74,66,1
3956,80,66,1
3957,81,66,1
3958,82,66,1
3959,84,66,0
3960,85,66,1
3961,86,66,0
3962,87,66,0
3963,89,66,1
3964,91,66,0
3965,92,66,0
3966,93,66,0
3967,94,66,0
3968,95,66,1
3969,0,67,0
3970,1,67,0
3971,2,67,1
3972,3,67,0
3973,4,67,1
3974,10,67,0
3975,12,67,1
3976,14,67,1
3977,15,67,0
3978,17,67,1
3979,18,67,1
3980,19,67,1
3981,20,67,0
3982,22,67,0
3983,26,67,0
3984,30,67,1
3985,31,67,0
3986,32,67,0
3987,33,67,1
3988,34,67,1
3989,36,67,1
3990,39,67,0
3991,41,67,0
3992,42,67,1
3993,43,67,0
3994,44,67,0
3995,46,67,1
3996,49,67,0
3997,51,67,0
3998,53,67,0
3999,54,67,0
4000,55,67,0
4001,56,67,1
4002,59,67,0
4003,60,67,0
4004,61,67,1
4005,63,67,1
4006,64,67,0
4007,66,67,0
4008,67,67,0
4009,68,67,0
4010,69,67,0
4011,72,67,0
4012,73,67,0
4013,77,67,0
4014,79,67,0
4015,82,67,0
4016,83,67,0
4017,84,67,1
4018,85,67,0
4019,87,67,1
4020,88,67,0
4021,95,67,0
4022,97,67,0
4023,0,68,0
4024,1,68,0
4025,2,68,0
4026,6,68,0
4027,7,68,1
4028,8,68,0
4029,9,68,0
4030,10,68,1
4031,12,68,1
4032,13,68,0
4033,14,68,1
4034,15,68,1
4035,16,68,1
4036,20,68,1
4037,21,68,1
4038,23,68,0
4039,24,68,0
4040,27,68,0
4041,28,68,1
4042,30,68,1
4043,33,68,0
4044,34,68,0
4045,39,68,1
4046,42,68,0
4047,43,68,1
4048,44,68,0
4049,45,68,0
4050,48,68,1
4051,49,68,1
4052,50,68,0
4053,52,68,0
4054,54,68,0
4055,55,68,0
4056,60,68,0
4057,62,68,1
4058,64,68,0
4059,65,68,1
4060,66,68,0
4061,67,68,1
4062,68,68,0
4063,69,68,0
4064,71,68,0
4065,72,68,1
4066,75,68,0
4067,76,68,0
4068,78,68,1
4069,81,68,1
4070,82,68,1
4071,85,68,1
4072,87,68,0
4073,88,68,1
4074,89,68,1
4075,90,68,0
4076,91,68,0
4077,92,68,0
4078,94,68,0
4079,95,68,1
4080,96,68,0
4081,97,68,1
4082,0,69,1
4083,1,69,0
4084,2,69,1
4085,4,69,0
4086,7,69,0
4087,8,69,1
4088,9,69,1
4089,12,69,0
4090,13,69,1
4091,14,69,1
4092,16,69,0
4093,17,69,0
4094,18,69,1
4095,20,69,1
4096,24,69,1
4097,28,69,1
4098,30,69,0
4099,32,69,1
4100,34,69,1
4101,35,69,0
4102,36,69,1
4103,39,69,1
4104,40,69,0
4105,41,69,0
4106,42,69,0
4107,46,69,1
4108,47,69,1
4109,48,69,0
4110,49,69,0
4111,50,69,0
4112,51,69,1
4113,53,69,0
4114,55,69,1
4115,56,69,0
4116,57,69,0
4117,60,69,0
4118,61,69,0
4119,62,69,0
4120,65,69,0
4121,66,69,0
4122,68,69,0
4123,70,69,0
4124,73,69,0
4125,74,69,0
4126,75,69,0
4127,76,69,0
4128,77,69,0
4129,78,69,0
4130,80,69,1
4131,81,69,0
4132,82,69,1
4133,85,69,0
4134,86,69,1
4135,87,69,1
4136,89,69,0
4137,91,69,1
4138,95,69,0
4139,96,69,0
4140,97,69,1
4141,2,70,1
4142,3,70,0
4143,4,70,1
4144,6,70,0
4145,7,70,0
4146,8,70,1
4147,10,70,0
4148,11,70,1
4149,13,70,1
4150,17,70,0
4151,18,70,1
4152,20,70,0
4153,21,70,0
4154,23,70,1
4155,24,70,1
4156,27,70,0
4157,28,70,1
4158,29,70,0
4159,34,70,0
4160,36,70,1
4161,37,70,0
4162,41,70,0
4163,42,70,0
4164,44,70,1
4165,45,70,1
4166,46,70,1
4167,49,70,0
4168,50,70,1
4169,51,70,0
4170,52,70,0
4171,53,70,1
4172,54,70,0
4173,55,70,1
4174,56,70,0
4175,58,70,0
4176,61,70,0
4177,63,70,1
4178,64,70,1
4179,65,70,1
4180,66,70,1
4181,68,70,0
4182,71,70,1
4183,72,70,0
4184,73,70,0
4185,74,70,0
4186,75,70,0
4187,76,70,0
4188,79,70,0
4189,81,70,0
4190,84,70,1
4191,89,70,1
4192,90,70,0
4193,91,70,0
4194,92,70,0
4195,93,70,0
4196,94,70,0
4197,95,70,1
4198,96,70,1
4199,1,71,0
4200,3,71,1
4201,4,71,0
4202,5,71,0
4203,6,71,0
4204,7,71,0
4205,10,71,0
4206,11,71,1
4207,12,71,0
4208,14,71,0
4209,15,71,0
4210,18,71,0
4211,19,71,0
4212,20,71,0
4213,22,71,0
4214,23,71,0
4215,26,71,0
4216,27,71,0
4217,29,71,0
4218,33,71,1
4219,34,71,0
4220,37,71,0
4221,39,71,0
4222,43,71,0
4223,44,71,0
4224,45,71,1
4225,46,71,0
4226,47,71,0
4227,49,71,0
4228,50,71,1
4229,54,71,1
4230,56,71,0
4231,58,71,0
4232,59,71,0
4233,60,71,1
4234,61,71,0
4235,65,71,0
4236,67,71,0
4237,68,71,1
4238,69,71,1
4239,70,71,1
4240,71,71,0
4241,72,71,0
4242,73,71,0
4243,76,71,1
4244,77,71,0
4245,78,71,0
4246,79,71,0
4247,82,71,0
4248,86,71,0
4249,87,71,0
4250,88,71,0
4251,89,71,0
4252,90,71,1
4253,93,71,1
4254,94,71,0
4255,96,71,0
4256,0,72,0
4257,3,72,0
4258,4,72,1
4259,5,72,1
4260,6,72,1
4261,7,72,0
4262,8,72,1
4263,10,72,1
4264,13,72,0
4265,14,72,1
4266,15,72,1
4267,16,72,1
4268,17,72,0
4269,18,72,0
4270,20,72,1
4271,21,72,0
4272,22,72,1
4273,23,72,1
4274,24,72,0
4275,25,72,0
4276,26,72,0
4277,27,72,1
4278,28,72,0
4279,33,72,1
4280,34,72,1
4281,37,72,1
4282,38,72,1
4283,39,72,0
4284,40,72,0
4285,41,72,0
4286,42,72,0
4287,44,72,0
4288,45,72,1
4289,47,72,0
4290,48,72,1
4291,50,72,1
4292,51,72,1
4293,52,72,1
4294,53,72,0
4295,54,72,0
4296,55,72,0
4297,58,72,1
4298,59,72,0
4299,60,72,0
4300,61,72,1
4301,63,72,1
4302,69,72,0
4303,70,72,0
4304,71,72,0
4305,73,72,1
4306,76,72,0
4307,77,72,1
4308,78,72,1
4309,79,72,1
4310,81,72,0
4311,82,72,1
4312,84,72,0
4313,86,72,0
4314,88,72,0
4315,89,72,0
4316,91,72,1
4317,94,72,0
4318,95,72,0
4319,96,72,0
4320,0,73,0
4321,1,73,0
4322,4,73,1
4323,7,73,0
4324,9,73,1
4325,11,73,0
4326,12,73,0
4327,15,73,0
4328,16,73,0
4329,17,73,0
4330,19,73,0
4331,20,73,0
4332,22,73,0
4333,23,73,1
4334,24,73,0
4335,25,73,0
4336,30,73,0
4337,31,73,1
4338,34,73,1
4339,35,73,0
4340,38,73,0
4341,41,73,0
4342,42,73,1
4343,44,73,0
4344,45,73,1
4345,48,73,0
4346,49,73,1
4347,51,73,1
4348,52,73,1
4349,54,73,1
4350,55,73,0
4351,56,73,0
4352,57,73,0
4353,59,73,1
4354,60,73,1
4355,61,73,0
4356,63,73,0
4357,64,73,0
4358,66,73,0
4359,67,73,1
4360,68,73,0
4361,71,73,1
4362,72,73,1
4363,74,73,0
4364,76,73,0
4365,79,73,0
4366,80,73,0
4367,82,73,0
4368,83,73,0
4369,84,73,1
4370,86,73,0
4371,87,73,0
4372,89,73,0
4373,90,73,0
4374,91,73,0
4375,93,73,0
4376,94,73,1
4377,95,73,0
4378,96,73,0
4379,97,73,0
4380,0,74,1
4381,1,74,0
4382,3,74,1
4383,4,74,0
4384,5,74,0
4385,6,74,0
4386,7,74,0
4387,9,74,1
4388,10,74,0
4389,11,74,1
4390,12,74,0
4391,13,74,0
4392,16,74,0
4393,17,74,0
4394,19,74,0
4395,20,74,0
4396,21,74,1
4397,22,74,0
4398,24,74,1
4399,25,74,0
4400,26,74,1
4401,27,74,1
4402,28,74,1
4403,29,74,0
4404,30,74,0
4405,31,74,1
4406,33,74,0
4407,35,74,0
4408,36,74,0
4409,37,74,0
4410,38,74,1
4411,40,74,0
4412,42,74,0
4413,43,74,0
4414,45,74,1
4415,48,74,1
4416,50,74,1
4417,51,74,0
4418,52,74,1
4419,53,74,1
4420,54,74,1
4421,55,74,1
4422,56,74,0
4423,59,74,1
4424,62,74,0
4425,63,74,0
4426,64,74,1
4427,65,74,0
4428,66,74,0
4429,67,74,1
4430,70,74,0
4431,75,74,0
4432,76,74,0
4433,77,74,1
4434,78,74,0
4435,80,74,0
4436,85,74,0
4437,86,74,1
4438,87,74,0
4439,88,74,0
4440,89,74,0
4441,90,74,1
4442,93,74,0
4443,95,74,0
4444,96,74,0
4445,97,74,1
4446,0,75,0
4447,3,75,0
4448,4,75,1
4449,5,75,0
4450,6,75,1
4451,8,75,1
4452,13,75,0
4453,15,75,1
4454,18,75,1
4455,19,75,1
4456,22,75,0
4457,23,75,0
4458,25,75,0
4459,27,75,1
4460,29,75,0
4461,30,75,0
4462,31,75,1
4463,32,75,1
4464,33,75,0
4465,34,75,0
4466,35,75,1
4467,36,75,0
4468,37,75,1
4469,40,75,0
4470,42,75,0
4471,44,75,0
4472,45,75,1
4473,46,75,0
4474,47,75,0
4475,49,75,0
4476,50,75,0
4477,54,75,0
4478,55,75,0
4479,56,75,1
4480,57,75,1
4481,58,75,0
4482,60,75,0
4483,61,75,0
4484,63,75,0
4485,64,75,1
4486,69,75,0
4487,70,75,0
4488,71,75,1
4489,72,75,1
4490,73,75,0
4491,74,75,0
4492,75,75,0
4493,76,75,0
4494,79,75,1
4495,80,75,0
4496,82,75,0
4497,83,75,0
4498,84,75,1
4499,85,75,0
4500,86,75,0
4501,88,75,0
4502,90,75,0
4503,91,75,0
4504,92,75,0
4505,93,75,0
4506,95,75,0
4507,97,75,0
4508,0,76,0
4509,1,76,0
4510,8,76,1
4511,9,76,1
4512,10,76,1
4513,12,76,1
4514,13,76,0
4515,14,76,0
4516,15,76,0
4517,16,76,1
4518,20,76,1
4519,23,76,1
4520,24,76,0
4521,27,76,0
4522,30,76,1
4523,31,76,0
4524,32,76,0
4525,33,76,0
4526,34,76,0
4527,35,76,0
4528,36,76,0
4529,38,76,1
4530,41,76,0
4531,42,76,1
4532,46,76,1
4533,48,76,1
4534,52,76,1
4535,56,76,0
4536,58,76,0
4537,59,76,0
4538,61,76,0
4539,63,76,0
4540,64,76,1
4541,65,76,1
4542,66,76,1
4543,67,76,0
4544,68,76,0
4545,69,76,1
4546,71,76,0
4547,72,76,1
4548,73,76,0
4549,75,76,1
4550,76,76,0
4551,77,76,1
4552,80,76,1
4553,84,76,1
4554,85,76,0
4555,86,76,0
4556,88,76,0
4557,89,76,0
4558,95,76,1
4559,96,76,0
4560,4,77,1
4561,5,77,1
4562,8,77,0
4563,9,77,0
4564,10,77,0
4565,12,77,0
4566,13,77,0
4567,14,77,1
4568,15,77,0
4569,17,77,0
4570,19,77,0
4571,20,77,0
4572,21,77,1
4573,22,77,0
4574,23,77,1
4575,30,77,0
4576,34,77,1
4577,38,77,0
4578,40,77,0
4579,42,77,0
4580,43,77,0
4581,45,77,1
4582,46,77,1
4583,48,77,1
4584,49,77,0
4585,50,77,0
4586,51,77,1
4587,54,77,0
4588,55,77,0
4589,58,77,0
4590,62,77,1
4591,66,77,1
4592,67,77,0
4593,68,77,1
4594,70,77,0
4595,71,77,1
4596,72,77,0
4597,73,77,1
4598,74,77,0
4599,75,77,0
4600,76,77,1
4601,78,77,0
4602,79,77,0
4603,80,77,0
4604,81,77,0
4605,83,77,0
4606,84,77,0
4607,85,77,1
4608,86,77,0
4609,88,77,1
4610,89,77,0
4611,90,77,0
4612,92,77,0
4613,93,77,0
4614,95,77,0
4615,96,77,1
4616,97,77,1
4617,2,78,1
4618,3,78,0
4619,5,78,0
4620,6,78,0
4621,8,78,1
4622,11,78,0
4623,12,78,0
4624,13,78,0
4625,14,78,0
4626,16,78,0
4627,18,78,1
4628,20,78,0
4629,21,78,0
4630,24,78,1
4631,25,78,0
4632,26,78,1
4633,27,78,0
4634,29,78,1
4635,34,78,1
4636,38,78,0
4637,39,78,1
4638,40,78,0
4639,41,78,0
4640,42,78,0
4641,43,78,0
4642,44,78,1
4643,45,78,1
4644,46,78,0
4645,48,78,0
4646,49,78,0
4647,51,78,1
4648,52,78,1
4649,53,78,1
4650,54,78,0
4651,55,78,1
4652,56,78,0
4653,57,78,0
4654,58,78,0
4655,59,78,1
4656,60,78,0
4657,61,78,0
4658,62,78,0
4659,65,78,0
4660,66,78,0
4661,67,78,1
4662,69,78,0
4663,70,78,0
4664,71,78,0
4665,72,78,1
4666,74,78,0
4667,76,78,1
4668,80,78,0
4669,82,78,0
4670,84,78,1
4671,88,78,0
4672,89,78,0
4673,91,78,0
4674,92,78,0
4675,93,78,0
4676,95,78,0
4677,0,79,0
4678,2,79,1
4679,3,79,1
4680,4,79,1
4681,5,79,0
4682,6,79,0
4683,7,79,0
4684,8,79,1
4685,9,79,0
4686,10,79,0
4687,12,79,0
4688,13,79,0
4689,15,79,1
4690,16,79,0
4691,17,79,0
4692,19,79,0
4693,20,79,0
4694,21,79,0
4695,22,79,0
4696,24,79,1
4697,25,79,0
4698,26,79,0
4699,27,79,1
4700,29,79,0
4701,30,79,1
4702,31,79,0
4703,32,79,0
4704,34,79,1
4705,37,79,0
4706,38,79,1
4707,39,79,1
4708,42,79,1
4709,43,79,0
4710,45,79,1
4711,47,79,0
4712,48,79,0
4713,49,79,0
4714,50,79,0
4715,51,79,1
4716,52,79,0
4717,53,79,1
4718,55,79,0
4719,56,79,0
4720,57,79,0
4721,59,79,0
4722,60,79,0
4723,62,79,0
4724,63,79,0
4725,66,79,0
4726,68,79,0
4727,71,79,0
4728,74,79,0
4729,76,79,0
4730,78,79,0
4731,80,79,0
4732,81,79,1
4733,82,79,0
4734,84,79,1
4735,87,79,1
4736,90,79,0
4737,92,79,0
4738,94,79,1
4739,95,79,0
4740,96,79,1
4741,97,79,1
4742,0,80,1
4743,1,80,0
4744,2,80,0
4745,3,80,0
4746,4,80,0
4747,5,80,1
4748,6,80,0
4749,8,80,0
4750,9,80,1
4751,13,80,0
4752,14,80,1
4753,17,80,0
4754,18,80,1
4755,20,80,1
4756,21,80,0
4757,23,80,0
4758,24,80,1
4759,25,80,1
4760,27,80,1
4761,28,80,1
4762,29,80,1
4763,31,80,0
4764,34,80,0
4765,35,80,0
4766,37,80,1
4767,38,80,1
4768,39,80,1
4769,42,80,1
4770,43,80,1
4771,44,80,0
4772,47,80,0
4773,48,80,1
4774,50,80,1
4775,51,80,0
4776,54,80,0
4777,55,80,0
4778,56,80,0
4779,60,80,1
4780,62,80,1
4781,65,80,1
4782,66,80,1
4783,68,80,0
4784,69,80,0
4785,71,80,0
4786,73,80,1
4787,74,80,1
4788,75,80,0
4789,76,80,0
4790,80,80,1
4791,81,80,1
4792,82,80,1
4793,84,80,0
4794,85,80,1
4795,86,80,0
4796,87,80,0
4797,88,80,1
4798,89,80,0
4799,90,80,0
4800,91,80,0
4801,92,80,0
4802,94,80,0
4803,95,80,1
4804,96,80,0
4805,97,80,1
4806,0,81,1
4807,1,81,0
4808,7,81,1
4809,12,81,1
4810,13,81,0
4811,14,81,1
4812,15,81,1
4813,17,81,0
4814,20,81,1
4815,21,81,0
4816,27,81,0
4817,28,81,0
4818,29,81,1
4819,33,81,0
4820,35,81,1
4821,38,81,0
4822,39,81,0
4823,42,81,1
4824,43,81,0
4825,44,81,1
4826,45,81,0
4827,46,81,0
4828,47,81,0
4829,51,81,0
4830,52,81,0
4831,54,81,0
4832,55,81,0
4833,59,81,0
4834,60,81,0
4835,61,81,0
4836,62,81,1
4837,64,81,0
4838,65,81,1
4839,66,81,0
4840,67,81,1
4841,68,81,0
4842,70,81,0
4843,71,81,0
4844,72,81,1
4845,73,81,0
4846,74,81,1
4847,76,81,0
4848,77,81,0
4849,81,81,0
4850,82,81,1
4851,83,81,0
4852,84,81,0
4853,86,81,0
4854,87,81,0
4855,91,81,0
4856,93,81,0
4857,95,81,1
4858,97,81,0
4859,1,82,1
4860,2,82,1
4861,4,82,1
4862,9,82,1
4863,10,82,0
4864,11,82,0
4865,12,82,1
4866,14,82,0
4867,15,82,0
4868,17,82,0
4869,18,82,0
4870,21,82,0
4871,22,82,0
4872,23,82,1
4873,25,82,0
4874,26,82,1
4875,27,82,0
4876,28,82,0
4877,30,82,1
4878,33,82,0
4879,34,82,0
4880,35,82,0
4881,36,82,1
4882,38,82,0
4883,39,82,1
4884,42,82,0
4885,43,82,0
4886,45,82,0
4887,47,82,0
4888,48,82,1
4889,49,82,1
4890,50,82,0
4891,51,82,1
4892,52,82,1
4893,54,82,0
4894,58,82,1
4895,59,82,1
4896,61,82,1
4897,62,82,0
4898,63,82,0
4899,64,82,1
4900,65,82,0
4901,67,82,1
4902,69,82,0
4903,70,82,1
4904,71,82,1
4905,73,82,0
4906,76,82,1
4907,81,82,0
4908,82,82,0
4909,83,82,0
4910,84,82,1
4911,85,82,0
4912,86,82,1
4913,89,82,1
4914,90,82,0
4915,91,82,0
4916,92,82,1
4917,93,82,0
4918,3,83,0
4919,4,83,1
4920,7,83,0
4921,8,83,0
4922,9,83,1
4923,11,83,1
4924,12,83,0
4925,13,83,0
4926,17,83,0
4927,20,83,0
4928,21,83,0
4929,22,83,0
4930,23,83,1
4931,24,83,1
4932,26,83,0
4933,33,83,1
4934,34,83,1
4935,35,83,1
4936,38,83,0
4937,40,83,0
4938,41,83,0
4939,42,83,1
4940,43,83,1
4941,45,83,1
4942,47,83,1
4943,48,83,0
4944,49,83,0
4945,50,83,1
4946,52,83,1
4947,58,83,0
4948,60,83,1
4949,61,83,1
4950,62,83,1
4951,63,83,0
4952,67,83,1
4953,68,83,0
4954,73,83,0
4955,74,83,0
4956,77,83,0
4957,78,83,0
4958,80,83,0
4959,82,83,0
4960,83,83,0
4961,86,83,0
4962,87,83,1
4963,88,83,0
4964,89,83,0
4965,90,83,0
4966,91,83,0
4967,92,83,0
4968,93,83,0
4969,94,83,1
4970,95,83,1
4971,96,83,1
4972,0,84,0
4973,1,84,1
4974,3,84,1
4975,4,84,0
4976,7,84,0
4977,8,84,0
4978,9,84,1
4979,11,84,0
4980,12,84,1
4981,13,84,0
4982,15,84,0
4983,16,84,0
4984,18,84,1
4985,19,84,0
4986,20,84,0
4987,21,84,0
4988,22,84,1
4989,26,84,0
4990,28,84,0
4991,30,84,1
4992,31,84,0
4993,32,84,0
4994,33,84,0
4995,35,84,1
4996,36,84,0
4997,37,84,0
4998,39,84,0
4999,42,84,0
5000,43,84,0
5001,45,84,0
5002,46,84,0
5003,48,84,0
5004,49,84,0
5005,50,84,1
5006,51,84,0
5007,53,84,1
5008,54,84,0
5009,57,84,0
5010,59,84,0
5011,60,84,0
5012,61,84,1
5013,62,84,0
5014,64,84,0
5015,65,84,1
5016,66,84,0
5017,67,84,1
5018,68,84,1
5019,70,84,1
5020,74,84,0
5021,75,84,1
5022,77,84,0
5023,78,84,0
5024,79,84,0
5025,80,84,0
5026,81,84,1
5027,83,84,1
5028,84,84,0
5029,86,84,1
5030,89,84,1
5031,90,84,1
5032,92,84,1
5033,93,84,1
5034,95,84,1
5035,97,84,1
5036,2,85,0
5037,3,85,0
5038,7,85,1
5039,8,85,1
5040,10,85,0
5041,12,85,0
5042,13,85,0
5043,14,85,0
5044,15,85,0
5045,16,85,0
5046,20,85,0
5047,23,85,1
5048,24,85,1
5049,25,85,1
5050,26,85,0
5051,30,85,0
5052,32,85,0
5053,33,85,0
5054,34,85,0
5055,37,85,0
5056,38,85,0
5057,39,85,1
5058,41,85,0
5059,42,85,0
5060,43,85,0
5061,44,85,1
5062,45,85,1
5063,47,85,0
5064,50,85,1
5065,51,85,1
5066,52,85,1
5067,54,85,1
5068,56,85,0
5069,58,85,1
5070,60,85,0
5071,63,85,0
5072,66,85,0
5073,68,85,1
5074,69,85,0
5075,70,85,1
5076,72,85,0
5077,74,85,0
5078,78,85,0
5079,79,85,0
5080,80,85,0
5081,82,85,0
5082,83,85,0
5083,84,85,0
5084,85,85,0
5085,86,85,1
5086,88,85,0
5087,89,85,0
5088,90,85,0
5089,91,85,1
5090,94,85,1
5091,95,85,1
5092,97,85,1
5093,0,86,0
5094,2,86,1
5095,3,86,0
5096,4,86,1
5097,5,86,1
5098,8,86,1
5099,9,86,0
5100,10,86,0
5101,11,86,1
5102,12,86,0
5103,14,86,0
5104,15,86,0
5105,16,86,0
5106,18,86,1
5107,21,86,0
5108,25,86,1
5109,26,86,0
5110,27,86,0
5111,30,86,0
5112,32,86,0
5113,33,86,0
5114,34,86,1
5115,35,86,0
5116,37,86,0
5117,38,86,1
5118,39,86,0
5119,40,86,1
5120,42,86,0
5121,44,86,1
5122,45,86,1
5123,47,86,0
5124,48,86,1
5125,49,86,0
5126,50,86,1
5127,51,86,1
5128,52,86,1
5129,55,86,1
5130,56,86,0
5131,58,86,0
5132,59,86,1
5133,60,86,1
5134,62,86,0
5135,63,86,0
5136,64,86,1
5137,65,86,0
5138,66,86,0
5139,68,86,0
5140,69,86,0
5141,70,86,0
5142,74,86,0
5143,75,86,0
5144,76,86,0
5145,77,86,0
5146,78,86,0
5147,79,86,0
5148,80,86,0
5149,81,86,1
5150,86,86,1
5151,87,86,1
5152,88,86,0
5153,90,86,0
5154,91,86,0
5155,92,86,0
5156,93,86,0
5157,94,86,1
5158,95,86,0
5159,97,86,0
5160,2,87,0
5161,3,87,1
5162,7,87,1
5163,8,87,0
5164,10,87,1
5165,11,87,0
5166,12,87,1
5167,13,87,0
5168,14,87,1
5169,15,87,1
5170,17,87,0
5171,18,87,0
5172,19,87,1
5173,22,87,0
5174,24,87,0
5175,25,87,1
5176,26,87,0
5177,27,87,0
5178,28,87,0
5179,29,87,1
5180,31,87,0
5181,33,87,0
5182,34,87,1
5183,35,87,0
5184,38,87,1
5185,39,87,0
5186,43,87,1
5187,45,87,0
5188,46,87,0
5189,47,87,0
5190,48,87,1
5191,50,87,0
5192,51,87,1
5193,52,87,0
5194,53,87,1
5195,54,87,0
5196,55,87,1
5197,56,87,1
5198,57,87,0
5199,58,87,1
5200,59,87,0
5201,60,87,0
5202,61,87,0
5203,63,87,1
5204,64,87,0
5205,68,87,0
5206,69,87,0
5207,70,87,0
5208,71,87,0
5209,72,87,1
5210,73,87,0
5211,74,87,1
5212,75,87,0
5213,76,87,0
5214,86,87,0
5215,87,87,1
5216,89,87,0
5217,90,87,0
5218,91,87,0
5219,93,87,0
5220,95,87,1
5221,96,87,0
5222,97,87,1
5223,0,88,1
5224,1,88,0
5225,2,88,0
5226,3,88,0
5227,4,88,0
5228,5,88,1
5229,6,88,0
5230,7,88,0
5231,8,88,1
5232,11,88,0
5233,12,88,1
5234,14,88,0
5235,15,88,0
5236,16,88,1
5237,17,88,0
5238,18,88,0
5239,21,88,0
5240,22,88,1
5241,24,88,1
5242,26,88,0
5243,27,88,1
5244,30,88,0
5245,32,88,0
5246,33,88,0
5247,34,88,1
5248,36,88,0
5249,37,88,1
5250,39,88,1
5251,40,88,0
5252,41,88,0
5253,42,88,0
5254,44,88,1
5255,45,88,1
5256,46,88,1
5257,47,88,0
5258,49,88,0
5259,51,88,0
5260,52,88,1
5261,55,88,1
5262,57,88,1
5263,58,88,1
5264,59,88,0
5265,60,88,0
5266,61,88,0
5267,62,88,0
5268,63,88,1
5269,66,88,0
5270,69,88,0
5271,70,88,0
5272,71,88,1
5273,72,88,0
5274,74,88,0
5275,76,88,0
5276,78,88,0
5277,80,88,1
5278,83,88,0
5279,84,88,0
5280,88,88,0
5281,90,88,0
5282,91,88,0
5283,92,88,1
5284,94,88,1
5285,96,88,1
5286,97,88,0
5287,0,89,1
5288,3,89,0
5289,4,89,0
5290,5,89,0
5291,8,89,0
5292,9,89,1
5293,12,89,0
5294,13,89,1
5295,15,89,0
5296,16,89,0
5297,17,89,1
5298,18,89,1
5299,19,89,1
5300,20,89,0
5301,21,89,1
5302,25,89,0
5303,29,89,0
5304,33,89,1
5305,38,89,0
5306,40,89,1
5307,41,89,1
5308,45,89,1
5309,48,89,0
5310,50,89,0
5311,51,89,1
5312,52,89,0
5313,53,89,1
5314,54,89,0
5315,55,89,0
5316,56,89,0
5317,57,89,0
5318,58,89,0
5319,59,89,1
5320,61,89,1
5321,62,89,1
5322,67,89,1
5323,69,89,1
5324,74,89,0
5325,75,89,0
5326,76,89,1
5327,77,89,0
5328,80,89,0
5329,81,89,0
5330,82,89,0
5331,83,89,1
5332,84,89,0
5333,85,89,0
5334,88,89,0
5335,89,89,1
5336,91,89,0
5337,92,89,0
5338,93,89,0
5339,96,89,1
5340,2,90,1
5341,5,90,0
5342,6,90,0
5343,7,90,1
5344,8,90,0
5345,9,90,1
5346,11,90,0
5347,13,90,1
5348,14,90,0
5349,16,90,1
5350,17,90,1
5351,18,90,0
5352,21,90,1
5353,23,90,1
5354,24,90,1
5355,27,90,1
5356,28,90,1
5357,29,90,0
5358,32,90,0
5359,35,90,0
5360,36,90,0
5361,38,90,0
5362,39,90,1
5363,41,90,0
5364,43,90,0
5365,44,90,1
5366,45,90,1
5367,46,90,1
5368,53,90,0
5369,54,90,0
5370,56,90,0
5371,57,90,0
5372,61,90,0
5373,64,90,0
5374,65,90,0
5375,66,90,0
5376,67,90,1
5377,68,90,1
5378,69,90,1
5379,70,90,0
5380,72,90,1
5381,73,90,0
5382,74,90,0
5383,75,90,1
5384,76,90,0
5385,78,90,0
5386,80,90,0
5387,82,90,0
5388,83,90,0
5389,84,90,1
5390,85,90,0
5391,86,90,1
5392,88,90,0
5393,89,90,0
5394,93,90,0
5395,95,90,0
5396,97,90,0
5397,0,91,1
5398,1,91,1
5399,2,91,1
5400,4,91,1
5401,6,91,0
5402,7,91,0
5403,11,91,0
5404,12,91,1
5405,13,91,0
5406,16,91,1
5407,19,91,1
5408,20,91,0
5409,21,91,0
5410,22,91,0
5411,26,91,1
5412,27,91,0
5413,29,91,1
5414,30,91,1
5415,32,91,1
5416,33,91,0
5417,36,91,0
5418,40,91,0
5419,41,91,1
5420,42,91,0
5421,43,91,0
5422,46,91,1
5423,48,91,0
5424,51,91,1
5425,54,91,0
5426,58,91,0
5427,59,91,0
5428,60,91,0
5429,61,91,1
5430,63,91,0
5431,64,91,1
5432,66,91,1
5433,67,91,0
5434,68,91,0
5435,69,91,0
5436,70,91,0
5437,71,91,0
5438,72,91,1
5439,73,91,0
5440,74,91,0
5441,76,91,0
5442,80,91,1
5443,81,91,0
5444,82,91,1
5445,83,91,0
5446,84,91,0
5447,85,91,1
5448,86,91,0
5449,87,91,0
5450,89,91,0
5451,90,91,0
5452,91,91,1
5453,93,91,1
5454,95,91,1
5455,1,92,1
5456,5,92,0
5457,6,92,1
5458,7,92,1
5459,8,92,1
5460,9,92,0
5461,10,92,0
5462,11,92,0
5463,12,92,1
5464,14,92,0
5465,15,92,0
5466,16,92,0
5467,17,92,1
5468,18,92,0
5469,19,92,1
5470,21,92,1
5471,22,92,1
5472,23,92,1
5473,25,92,0
5474,26,92,0
5475,27,92,0
5476,28,92,0
5477,29,92,1
5478,30,92,0
5479,32,92,0
5480,33,92,1
5481,35,92,1
5482,36,92,0
5483,38,92,0
5484,39,92,1
5485,44,92,0
5486,46,92,0
5487,47,92,1
5488,48,92,0
5489,51,92,1
5490,52,92,0
5491,53,92,0
5492,55,92,0
5493,57,92,1
5494,59,92,0
5495,60,92,0
5496,61,92,1
5497,62,92,1
5498,63,92,0
5499,66,92,1
5500,67,92,0
5501,68,92,0
5502,71,92,0
5503,72,92,0
5504,73,92,0
5505,76,92,1
5506,77,92,0
5507,78,92,0
5508,80,92,0
5509,85,92,0
5510,88,92,1
5511,90,92,1
5512,94,92,0
5513,95,92,0
5514,97,92,1
5515,2,93,0
5516,3,93,1
5517,4,93,0
5518,5,93,0
5519,7,93,0
5520,9,93,1
5521,12,93,0
5522,14,93,1
5523,15,93,1
5524,16,93,0
5525,18,93,0
5526,19,93,1
5527,20,93,1
5528,22,93,1
5529,23,93,0
5530,24,93,1
5531,25,93,0
5532,27,93,0
5533,28,93,0
5534,30,93,0
5535,32,93,1
5536,35,93,0
5537,36,93,1
5538,38,93,0
5539,39,93,1
5540,40,93,0
5541,41,93,0
5542,43,93,0
5543,46,93,0
5544,50,93,1
5545,51,93,0
5546,53,93,0
5547,54,93,1
5548,55,93,0
5549,56,93,0
5550,57,93,0
5551,58,93,0
5552,61,93,1
5553,63,93,0
5554,65,93,0
5555,66,93,1
5556,67,93,0
5557,69,93,0
5558,70,93,1
5559,72,93,1
5560,74,93,0
5561,75,93,0
5562,76,93,0
5563,77,93,0
5564,78,93,0
5565,80,93,0
5566,84,93,0
5567,85,93,0
5568,86,93,1
5569,89,93,1
5570,90,93,1
5571,91,93,1
5572,93,93,1
5573,0,94,0
5574,3,94,0
5575,4,94,0
5576,5,94,0
5577,6,94,0
5578,8,94,0
5579,10,94,0
5580,11,94,0
5581,12,94,0
5582,13,94,1
5583,14,94,0
5584,18,94,1
5585,19,94,0
5586,20,94,0
5587,24,94,1
5588,25,94,1
5589,26,94,0
5590,27,94,1
5591,34,94,1
5592,37,94,0
5593,38,94,0
5594,40,94,0
5595,42,94,0
5596,44,94,1
5597,45,94,1
5598,47,94,0
5599,48,94,0
5600,49,94,0
5601,50,94,0
5602,51,94,1
5603,52,94,0
5604,53,94,0
5605,54,94,0
5606,56,94,0
5607,58,94,0
5608,59,94,1
5609,60,94,0
5610,61,94,0
5611,64,94,0
5612,65,94,0
5613,66,94,0
5614,67,94,0
5615,70,94,0
5616,71,94,1
5617,72,94,1
5618,74,94,1
5619,76,94,1
5620,77,94,1
5621,78,94,0
5622,80,94,0
5623,82,94,0
5624,83,94,0
5625,87,94,1
5626,89,94,0
5627,90,94,0
5628,91,94,0
5629,94,94,1
5630,95,94,0
5631,0,95,0
5632,2,95,1
5633,3,95,0
5634,4,95,1
5635,5,95,0
5636,7,95,1
5637,8,95,1
5638,14,95,0
5639,15,95,0
5640,16,95,0
5641,17,95,0
5642,18,95,1
5643,20,95,0
5644,22,95,0
5645,23,95,1
5646,24,95,1
5647,27,95,0
5648,29,95,0
5649,30,95,0
5650,31,95,1
5651,33,95,0
5652,35,95,0
5653,36,95,0
5654,37,95,1
5655,38,95,0
5656,39,95,1
5657,40,95,1
5658,41,95,0
5659,42,95,0
5660,44,95,1
5661,47,95,0
5662,48,95,1
5663,49,95,1
5664,50,95,0
5665,52,95,1
5666,53,95,0
5667,55,95,0
5668,57,95,0
5669,58,95,1
5670,59,95,1
5671,60,95,0
5672,63,95,0
5673,64,95,1
5674,66,95,1
5675,67,95,0
5676,68,95,0
5677,73,95,0
5678,76,95,0
5679,78,95,0
5680,79,95,1
5681,80,95,0
5682,82,95,0
5683,85,95,0
5684,86,95,1
5685,87,95,0
5686,88,95,0
5687,89,95,0
5688,90,95,0
5689,92,95,0
5690,93,95,0
5691,94,95,1
5692,96,95,1
5693,97,95,0
5694,1,96,1
5695,2,96,0
5696,3,96,0
5697,4,96,0
5698,11,96,0
5699,12,96,1
5700,13,96,0
5701,16,96,1
5702,18,96,1
5703,19,96,1
5704,20,96,0
5705,22,96,0
5706,23,96,0
5707,24,96,0
5708,26,96,1
5709,27,96,0
5710,31,96,0
5711,32,96,1
5712,33,96,0
5713,35,96,0
5714,36,96,0
5715,37,96,1
5716,38,96,1
5717,40,96,0
5718,41,96,1
5719,43,96,0
5720,44,96,1
5721,45,96,0
5722,47,96,0
5723,48,96,0
5724,51,96,0
5725,53,96,1
5726,56,96,1
5727,57,96,0
5728,59,96,0
5729,60,96,0
5730,61,96,0
5731,64,96,0
5732,65,96,0
5733,66,96,1
5734,68,96,0
5735,71,96,0
5736,72,96,1
5737,74,96,1
5738,75,96,0
5739,78,96,0
5740,79,96,1
5741,82,96,0
5742,83,96,0
5743,84,96,0
5744,87,96,0
5745,89,96,0
5746,90,96,0
5747,91,96,0
5748,93,96,0
5749,96,96,0
5750,97,96,1
5751,2,97,0
5752,3,97,0
5753,5,97,1
5754,6,97,1
5755,7,97,0
5756,10,97,0
5757,15,97,0
5758,16,97,0
5759,18,97,0
5760,22,97,1
5761,24,97,1
5762,25,97,0
5763,26,97,0
5764,27,97,0
5765,28,97,1
5766,31,97,0
5767,33,97,1
5768,34,97,0
5769,35,97,1
5770,37,97,0
5771,40,97,1
5772,41,97,1
5773,43,97,0
5774,44,97,1
5775,47,97,0
5776,49,97,1
5777,50,97,1
5778,51,97,0
5779,52,97,1
5780,55,97,0
5781,56,97,0
5782,57,97,0
5783,58,97,0
5784,59,97,1
5785,62,97,0
5786,68,97,1
5787,69,97,1
5788,70,97,0
5789,71,97,0
5790,72,97,1
5791,73,97,0
5792,74,97,0
5793,75,97,0
5794,76,97,0
5795,77,97,0
5796,78,97,0
5797,79,97,0
5798,80,97,0
5799,83,97,1
5800,84,97,0
5801,86,97,0
5802,88,97,1
5803,91,97,1
5804,93,97,1
5805,94,97,0
5806,97,97,0
5807,0,98,1
5808,1,98,0
5809,2,98,1
5810,4,98,1
5811,7,98,0
5812,9,98,1
5813,10,98,1
5814,11,98,1
5815,12,98,0
5816,14,98,1
5817,16,98,0
5818,18,98,1
5819,20,98,0
5820,23,98,1
5821,26,98,1
5822,29,98,0
5823,30,98,0
5824,31,98,0
5825,32,98,0
5826,33,98,0
5827,34,98,1
5828,38,98,0
5829,40,98,0
5830,43,98,1
5831,45,98,0
5832,46,98,1
5833,47,98,1
5834,48,98,0
5835,49,98,1
5836,50,98,1
5837,51,98,0
5838,52,98,1
5839,53,98,1
5840,55,98,1
5841,56,98,0
5842,58,98,0
5843,59,98,0
5844,60,98,1
5845,61,98,0
5846,64,98,1
5847,65,98,0
5848,66,98,0
5849,73,98,0
5850,74,98,0
5851,75,98,1
5852,76,98,0
5853,77,98,0
5854,78,98,0
5855,80,98,1
5856,81,98,0
5857,83,98,0
5858,84,98,1
5859,85,98,0
5860,87,98,1
5861,88,98,0
5862,89,98,0
5863,90,98,0
5864,91,98,0
5865,92,98,0
5866,93,98,0
5867,94,98,0
5868,95,98,1
5869,97,98,0
5870,1,99,0
5871,3,99,0
5872,4,99,1
5873,6,99,0
5874,7,99,0
5875,9,99,1
5876,11,99,0
5877,13,99,0
5878,15,99,1
5879,20,99,0
5880,21,99,0
5881,22,99,0
5882,24,99,1
5883,25,99,0
5884,27,99,1
5885,29,99,0
5886,30,99,1
5887,31,99,1
5888,33,99,1
5889,35,99,0
5890,36,99,1
5891,37,99,0
5892,39,99,0
5893,41,99,0
5894,42,99,0
5895,43,99,0
5896,44,99,1
5897,45,99,0
5898,54,99,0
5899,57,99,0
5900,58,99,0
5901,59,99,1
5902,60,99,0
5903,61,99,0
5904,62,99,0
5905,63,99,0
5906,64,99,0
5907,65,99,0
5908,68,99,0
5909,69,99,0
5910,70,99,0
5911,73,99,0
5912,74,99,0
5913,77,99,0
5914,80,99,0
5915,82,99,0
5916,84,99,0
5917,90,99,0
5918,92,99,1
5919,93,99,0
5920,94,99,1
5921,95,99,0
5922,96,99,1
5923,97,99,1
