userid,taskid,completed
u-1,1,0
u-1,2,0
u-1,3,1
u-1,4,1
u-1,265,0
u-1,266,0
u-1,267,1
u-1,268,0
u-2,1,1
u-2,2,1
u-2,3,0
u-2,4,0
u-2,265,1
u-2,266,0
u-2,267,0
u-2,268,0
u-3,1,1
u-3,2,0
u-3,3,1
u-3,4,0
u-3,265,1
u-3,266,0
u-3,267,0
u-3,268,0
u-37,1,0
u-37,2,1
u-37,3,0
u-37,4,1
u-37,265,1
u-37,266,1
u-37,267,1
u-37,268,1
u-38,1,0
u-38,2,0
u-38,3,1
u-38,4,1
u-38,265,1
u-38,266,0
u-38,267,1
u-38,268,0
u-39,1,1
u-39,2,1
u-39,3,1
u-39,4,0
u-39,265,0
u-39,266,0
u-39,267,0
u-39,268,1
u-73,1,0
u-73,2,1
u-73,3,1
u-73,4,0
u-73,265,1
u-73,266,0
u-73,267,0
u-73,268,1
u-74,1,1
u-74,2,0
u-74,3,0
u-74,4,1
u-74,265,1
u-74,266,0
u-74,267,1
u-74,268,1
u-75,1,1
u-75,2,1
u-75,3,0
u-75,4,0
u-75,265,1
u-75,266,0
u-75,267,0
u-75,268,1
u-109,1,1
u-109,2,0
u-109,3,0
u-109,4,1
u-109,265,0
u-109,266,1
u-109,267,1
u-109,268,1
u-110,1,1
u-110,2,0
u-110,3,1
u-110,4,0
u-110,265,1
u-110,266,0
u-110,267,1
u-110,268,0
u-111,1,0
u-111,2,0
u-111,3,0
u-111,4,0
u-111,265,1
u-111,266,0
u-111,267,0
u-111,268,1
u-145,1,0
u-145,2,0
u-145,3,1
u-145,4,0
u-145,265,1
u-145,266,1
u-145,267,0
u-145,268,0
u-146,1,0
u-146,2,0
u-146,3,0
u-146,4,1
u-146,265,1
u-146,266,0
u-146,267,0
u-146,268,0
u-147,1,0
u-147,2,1
u-147,3,1
u-147,4,0
u-147,265,1
u-147,266,0
u-147,267,1
u-147,268,1
u-181,1,1
u-181,2,0
u-181,3,1
u-181,4,0
u-181,265,1
u-181,266,1
u-181,267,1
u-181,268,1
u-182,1,1
u-182,2,1
u-182,3,1
u-182,4,1
u-182,265,1
u-182,266,0
u-182,267,1
u-182,268,1
u-183,1,1
u-183,2,1
u-183,3,1
u-183,4,1
u-183,265,0
u-183,266,0
u-183,267,1
u-183,268,1
u-217,1,1
u-217,2,0
u-217,3,1
u-217,4,1
u-217,265,1
u-217,266,0
u-217,267,1
u-217,268,1
u-218,1,0
u-218,2,1
u-218,3,0
u-218,4,1
u-218,265,1
u-218,266,1
u-218,267,0
u-218,268,0
u-219,1,1
u-219,2,0
u-219,3,1
u-219,4,1
u-219,265,0
u-219,266,1
u-219,267,0
u-219,268,1
u-253,1,1
u-253,2,1
u-253,3,0
u-253,4,1
u-253,265,1
u-253,266,1
u-253,267,0
u-253,268,0
u-254,1,0
u-254,2,1
u-254,3,0
u-254,4,0
u-254,265,1
u-254,266,1
u-254,267,1
u-254,268,0
u-255,1,0
u-255,2,1
u-255,3,1
u-255,4,0
u-255,265,1
u-255,266,1
u-255,267,1
u-255,268,1
u-289,1,1
u-289,2,0
u-289,3,1
u-289,4,1
u-289,265,0
u-289,266,1
u-289,267,1
u-289,268,1
u-290,1,1
u-290,2,0
u-290,3,0
u-290,4,1
u-290,265,0
u-290,266,0
u-290,267,0
u-290,268,0
u-291,1,1
u-291,2,1
u-291,3,0
u-291,4,1
u-291,265,0
u-291,266,0
u-291,267,0
u-291,268,1
u-325,1,0
u-325,2,0
u-325,3,0
u-325,4,0
u-325,265,0
u-325,266,0
u-325,267,0
u-325,268,1
u-326,1,0
u-326,2,0
u-326,3,0
u-326,4,1
u-326,265,1
u-326,266,0
u-326,267,0
u-326,268,0
u-327,1,0
u-327,2,0
u-327,3,0
u-327,4,1
u-327,265,1
u-327,266,0
u-327,267,0
u-327,268,1
u-361,1,1
u-361,2,1
u-361,3,1
u-361,4,1
u-361,265,1
u-361,266,0
u-361,267,0
u-361,268,0
u-362,1,1
u-362,2,0
u-362,3,1
u-362,4,0
u-362,265,0
u-362,266,0
u-362,267,1
u-362,268,1
u-363,1,0
u-363,2,0
u-363,3,0
u-363,4,0
u-363,265,0
u-363,266,0
u-363,267,1
u-363,268,1
u-397,1,0
u-397,2,0
u-397,3,1
u-397,4,0
u-397,265,1
u-397,266,0
u-397,267,0
u-397,268,1
u-398,1,0
u-398,2,1
u-398,3,1
u-398,4,1
u-398,265,0
u-398,266,1
u-398,267,0
u-398,268,1
u-399,1,0
u-399,2,1
u-399,3,1
u-399,4,1
u-399,265,0
u-399,266,1
u-399,267,0
u-399,268,0
u-433,1,0
u-433,2,0
u-433,3,0
u-433,4,1
u-433,265,1
u-433,266,1
u-433,267,0
u-433,268,1
u-434,1,0
u-434,2,0
u-434,3,0
u-434,4,1
u-434,265,0
u-434,266,1
u-434,267,0
u-434,268,1
u-435,1,0
u-435,2,0
u-435,3,0
u-435,4,0
u-435,265,0
u-435,266,1
u-435,267,0
u-435,268,1
u-469,1,1
u-469,2,1
u-469,3,1
u-469,4,0
u-469,265,1
u-469,266,1
u-469,267,1
u-469,268,1
u-470,1,0
u-470,2,0
u-470,3,1
u-470,4,1
u-470,265,1
u-470,266,1
u-470,267,1
u-470,268,0
u-471,1,0
u-471,2,1
u-471,3,1
u-471,4,0
u-471,265,1
u-471,266,0
u-471,267,0
u-471,268,0
u-4,221,0
u-4,222,1
u-4,223,0
u-4,224,1
u-4,485,0
u-4,486,1
u-4,487,1
u-4,488,0
u-40,221,1
u-40,222,0
u-40,223,1
u-40,224,0
u-40,485,0
u-40,486,0
u-40,487,0
u-40,488,1
u-76,221,0
u-76,222,0
u-76,223,0
u-76,224,1
u-76,485,0
u-76,486,1
u-76,487,1
u-76,488,1
u-112,221,1
u-112,222,1
u-112,223,0
u-112,224,0
u-112,485,0
u-112,486,1
u-112,487,0
u-112,488,0
u-148,221,0
u-148,222,1
u-148,223,0
u-148,224,0
u-148,485,0
u-148,486,1
u-148,487,1
u-148,488,0
u-184,221,0
u-184,222,1
u-184,223,1
u-184,224,0
u-184,485,1
u-184,486,0
u-184,487,1
u-184,488,0
u-220,221,0
u-220,222,0
u-220,223,1
u-220,224,1
u-220,485,0
u-220,486,0
u-220,487,0
u-220,488,1
u-256,221,1
u-256,222,1
u-256,223,1
u-256,224,0
u-256,485,0
u-256,486,0
u-256,487,0
u-256,488,0
u-292,221,1
u-292,222,0
u-292,223,1
u-292,224,0
u-292,485,1
u-292,486,0
u-292,487,0
u-292,488,0
u-328,221,0
u-328,222,0
u-328,223,0
u-328,224,0
u-328,485,0
u-328,486,1
u-328,487,1
u-328,488,1
u-364,221,0
u-364,222,0
u-364,223,0
u-364,224,0
u-364,485,0
u-364,486,0
u-364,487,1
u-364,488,1
u-400,221,1
u-400,222,1
u-400,223,0
u-400,224,0
u-400,485,1
u-400,486,0
u-400,487,1
u-400,488,1
u-436,221,0
u-436,222,0
u-436,223,1
u-436,224,1
u-436,485,0
u-436,486,0
u-436,487,1
u-436,488,1
u-472,221,1
u-472,222,1
u-472,223,0
u-472,224,0
u-472,485,1
u-472,486,1
u-472,487,1
u-472,488,0
u-5,5,1
u-5,6,1
u-5,7,0
u-5,8,1
u-5,269,0
u-5,270,1
u-5,271,0
u-5,272,0
u-6,5,0
u-6,6,0
u-6,7,0
u-6,8,0
u-6,269,1
u-6,270,1
u-6,271,1
u-6,272,1
u-41,5,0
u-41,6,0
u-41,7,1
u-41,8,0
u-41,269,0
u-41,270,0
u-41,271,1
u-41,272,1
u-42,5,0
u-42,6,1
u-42,7,1
u-42,8,1
u-42,269,1
u-42,270,0
u-42,271,0
u-42,272,0
u-77,5,1
u-77,6,0
u-77,7,1
u-77,8,0
u-77,269,0
u-77,270,1
u-77,271,0
u-77,272,0
u-78,5,0
u-78,6,1
u-78,7,0
u-78,8,1
u-78,269,1
u-78,270,1
u-78,271,0
u-78,272,1
u-113,5,0
u-113,6,0
u-113,7,0
u-113,8,1
u-113,269,1
u-113,270,0
u-113,271,0
u-113,272,0
u-114,5,1
u-114,6,0
u-114,7,1
u-114,8,0
u-114,269,0
u-114,270,0
u-114,271,1
u-114,272,0
u-149,5,0
u-149,6,0
u-149,7,0
u-149,8,0
u-149,269,0
u-149,270,1
u-149,271,1
u-149,272,0
u-150,5,1
u-150,6,0
u-150,7,0
u-150,8,1
u-150,269,0
u-150,270,0
u-150,271,0
u-150,272,0
u-185,5,1
u-185,6,0
u-185,7,0
u-185,8,1
u-185,269,0
u-185,270,0
u-185,271,1
u-185,272,1
u-186,5,1
u-186,6,0
u-186,7,0
u-186,8,0
u-186,269,1
u-186,270,1
u-186,271,1
u-186,272,0
u-221,5,0
u-221,6,1
u-221,7,0
u-221,8,1
u-221,269,0
u-221,270,1
u-221,271,0
u-221,272,1
u-222,5,1
u-222,6,1
u-222,7,0
u-222,8,0
u-222,269,1
u-222,270,0
u-222,271,0
u-222,272,1
u-257,5,0
u-257,6,0
u-257,7,0
u-257,8,0
u-257,269,1
u-257,270,1
u-257,271,0
u-257,272,1
u-258,5,0
u-258,6,0
u-258,7,1
u-258,8,1
u-258,269,1
u-258,270,0
u-258,271,1
u-258,272,0
u-293,5,0
u-293,6,0
u-293,7,1
u-293,8,0
u-293,269,1
u-293,270,0
u-293,271,1
u-293,272,0
u-294,5,0
u-294,6,1
u-294,7,0
u-294,8,0
u-294,269,1
u-294,270,0
u-294,271,1
u-294,272,1
u-329,5,1
u-329,6,0
u-329,7,0
u-329,8,0
u-329,269,1
u-329,270,0
u-329,271,0
u-329,272,1
u-330,5,1
u-330,6,0
u-330,7,1
u-330,8,0
u-330,269,1
u-330,270,0
u-330,271,1
u-330,272,1
u-365,5,0
u-365,6,0
u-365,7,1
u-365,8,1
u-365,269,0
u-365,270,1
u-365,271,0
u-365,272,1
u-366,5,0
u-366,6,0
u-366,7,1
u-366,8,0
u-366,269,0
u-366,270,1
u-366,271,0
u-366,272,0
u-401,5,1
u-401,6,0
u-401,7,0
u-401,8,0
u-401,269,0
u-401,270,0
u-401,271,1
u-401,272,0
u-402,5,0
u-402,6,1
u-402,7,0
u-402,8,0
u-402,269,1
u-402,270,1
u-402,271,0
u-402,272,1
u-437,5,1
u-437,6,1
u-437,7,0
u-437,8,1
u-437,269,1
u-437,270,1
u-437,271,1
u-437,272,0
u-438,5,1
u-438,6,0
u-438,7,1
u-438,8,1
u-438,269,0
u-438,270,0
u-438,271,1
u-438,272,0
u-473,5,0
u-473,6,0
u-473,7,0
u-473,8,0
u-473,269,0
u-473,270,1
u-473,271,1
u-473,272,0
u-474,5,0
u-474,6,0
u-474,7,0
u-474,8,1
u-474,269,0
u-474,270,0
u-474,271,1
u-474,272,1
u-7,225,1
u-7,226,1
u-7,227,1
u-7,228,1
u-7,489,0
u-7,490,1
u-7,491,0
u-7,492,1
u-8,225,0
u-8,226,0
u-8,227,0
u-8,228,0
u-8,489,0
u-8,490,0
u-8,491,1
u-8,492,0
u-43,225,1
u-43,226,0
u-43,227,0
u-43,228,1
u-43,489,0
u-43,490,1
u-43,491,0
u-43,492,1
u-44,225,0
u-44,226,1
u-44,227,1
u-44,228,0
u-44,489,1
u-44,490,0
u-44,491,1
u-44,492,1
u-79,225,1
u-79,226,0
u-79,227,1
u-79,228,0
u-79,489,1
u-79,490,1
u-79,491,1
u-79,492,0
u-80,225,1
u-80,226,1
u-80,227,0
u-80,228,0
u-80,489,1
u-80,490,1
u-80,491,0
u-80,492,1
u-115,225,1
u-115,226,0
u-115,227,0
u-115,228,1
u-115,489,1
u-115,490,1
u-115,491,1
u-115,492,0
u-116,225,0
u-116,226,0
u-116,227,1
u-116,228,1
u-116,489,1
u-116,490,0
u-116,491,1
u-116,492,0
u-151,225,0
u-151,226,1
u-151,227,1
u-151,228,0
u-151,489,1
u-151,490,0
u-151,491,1
u-151,492,1
u-152,225,1
u-152,226,1
u-152,227,0
u-152,228,0
u-152,489,1
u-152,490,1
u-152,491,1
u-152,492,0
u-187,225,1
u-187,226,1
u-187,227,1
u-187,228,0
u-187,489,0
u-187,490,1
u-187,491,0
u-187,492,1
u-188,225,1
u-188,226,0
u-188,227,0
u-188,228,0
u-188,489,0
u-188,490,1
u-188,491,0
u-188,492,0
u-223,225,0
u-223,226,1
u-223,227,1
u-223,228,0
u-223,489,0
u-223,490,0
u-223,491,0
u-223,492,1
u-224,225,1
u-224,226,0
u-224,227,0
u-224,228,1
u-224,489,1
u-224,490,1
u-224,491,0
u-224,492,1
u-259,225,1
u-259,226,1
u-259,227,1
u-259,228,0
u-259,489,0
u-259,490,0
u-259,491,0
u-259,492,1
u-260,225,0
u-260,226,0
u-260,227,0
u-260,228,1
u-260,489,0
u-260,490,0
u-260,491,1
u-260,492,0
u-295,225,0
u-295,226,0
u-295,227,1
u-295,228,0
u-295,489,0
u-295,490,1
u-295,491,1
u-295,492,1
u-296,225,1
u-296,226,0
u-296,227,0
u-296,228,0
u-296,489,1
u-296,490,0
u-296,491,1
u-296,492,0
u-331,225,1
u-331,226,0
u-331,227,1
u-331,228,0
u-331,489,0
u-331,490,1
u-331,491,0
u-331,492,1
u-332,225,1
u-332,226,0
u-332,227,1
u-332,228,0
u-332,489,0
u-332,490,0
u-332,491,1
u-332,492,1
u-367,225,0
u-367,226,1
u-367,227,0
u-367,228,1
u-367,489,1
u-367,490,1
u-367,491,1
u-367,492,1
u-368,225,0
u-368,226,0
u-368,227,1
u-368,228,1
u-368,489,0
u-368,490,0
u-368,491,1
u-368,492,0
u-403,225,0
u-403,226,0
u-403,227,0
u-403,228,0
u-403,489,0
u-403,490,0
u-403,491,1
u-403,492,1
u-404,225,0
u-404,226,0
u-404,227,0
u-404,228,0
u-404,489,0
u-404,490,0
u-404,491,1
u-404,492,0
u-439,225,0
u-439,226,0
u-439,227,0
u-439,228,1
u-439,489,1
u-439,490,1
u-439,491,1
u-439,492,1
u-440,225,0
u-440,226,1
u-440,227,1
u-440,228,0
u-440,489,0
u-440,490,0
u-440,491,0
u-440,492,1
u-475,225,0
u-475,226,0
u-475,227,0
u-475,228,1
u-475,489,1
u-475,490,1
u-475,491,1
u-475,492,0
u-476,225,1
u-476,226,1
u-476,227,0
u-476,228,1
u-476,489,0
u-476,490,1
u-476,491,0
u-476,492,1
u-9,9,0
u-9,10,0
u-9,11,1
u-9,12,1
u-9,273,0
u-9,274,0
u-9,275,0
u-9,276,0
u-45,9,0
u-45,10,0
u-45,11,0
u-45,12,1
u-45,273,1
u-45,274,1
u-45,275,0
u-45,276,1
u-81,9,1
u-81,10,1
u-81,11,1
u-81,12,1
u-81,273,1
u-81,274,1
u-81,275,0
u-81,276,1
u-117,9,1
u-117,10,0
u-117,11,1
u-117,12,1
u-117,273,0
u-117,274,1
u-117,275,0
u-117,276,0
u-153,9,1
u-153,10,0
u-153,11,0
u-153,12,1
u-153,273,0
u-153,274,1
u-153,275,1
u-153,276,0
u-189,9,0
u-189,10,1
u-189,11,1
u-189,12,1
u-189,273,0
u-189,274,1
u-189,275,0
u-189,276,0
u-225,9,1
u-225,10,1
u-225,11,1
u-225,12,1
u-225,273,0
u-225,274,1
u-225,275,0
u-225,276,1
u-261,9,1
u-261,10,1
u-261,11,1
u-261,12,1
u-261,273,0
u-261,274,1
u-261,275,1
u-261,276,0
u-297,9,1
u-297,10,1
u-297,11,0
u-297,12,1
u-297,273,0
u-297,274,1
u-297,275,0
u-297,276,1
u-333,9,1
u-333,10,0
u-333,11,0
u-333,12,0
u-333,273,1
u-333,274,1
u-333,275,1
u-333,276,1
u-369,9,1
u-369,10,1
u-369,11,1
u-369,12,1
u-369,273,1
u-369,274,1
u-369,275,1
u-369,276,0
u-405,9,0
u-405,10,0
u-405,11,1
u-405,12,1
u-405,273,1
u-405,274,0
u-405,275,1
u-405,276,0
u-441,9,1
u-441,10,1
u-441,11,0
u-441,12,1
u-441,273,0
u-441,274,0
u-441,275,0
u-441,276,1
u-477,9,1
u-477,10,1
u-477,11,1
u-477,12,0
u-477,273,1
u-477,274,0
u-477,275,0
u-477,276,0
u-10,229,0
u-10,230,1
u-10,231,0
u-10,232,0
u-10,493,1
u-10,494,1
u-10,495,0
u-10,496,0
u-11,229,1
u-11,230,0
u-11,231,1
u-11,232,0
u-11,493,1
u-11,494,1
u-11,495,1
u-11,496,1
u-12,229,0
u-12,230,1
u-12,231,0
u-12,232,0
u-12,493,1
u-12,494,1
u-12,495,0
u-12,496,0
u-46,229,1
u-46,230,1
u-46,231,0
u-46,232,0
u-46,493,1
u-46,494,0
u-46,495,1
u-46,496,1
u-47,229,1
u-47,230,1
u-47,231,1
u-47,232,1
u-47,493,0
u-47,494,1
u-47,495,1
u-47,496,1
u-48,229,1
u-48,230,1
u-48,231,1
u-48,232,1
u-48,493,1
u-48,494,0
u-48,495,1
u-48,496,1
u-82,229,1
u-82,230,0
u-82,231,0
u-82,232,1
u-82,493,0
u-82,494,0
u-82,495,1
u-82,496,0
u-83,229,1
u-83,230,0
u-83,231,1
u-83,232,0
u-83,493,1
u-83,494,1
u-83,495,0
u-83,496,0
u-84,229,0
u-84,230,1
u-84,231,1
u-84,232,0
u-84,493,0
u-84,494,0
u-84,495,1
u-84,496,0
u-118,229,0
u-118,230,0
u-118,231,0
u-118,232,1
u-118,493,0
u-118,494,1
u-118,495,1
u-118,496,0
u-119,229,1
u-119,230,1
u-119,231,0
u-119,232,0
u-119,493,0
u-119,494,1
u-119,495,0
u-119,496,1
u-120,229,0
u-120,230,0
u-120,231,0
u-120,232,1
u-120,493,0
u-120,494,1
u-120,495,0
u-120,496,0
u-154,229,1
u-154,230,0
u-154,231,1
u-154,232,1
u-154,493,1
u-154,494,0
u-154,495,1
u-154,496,1
u-155,229,0
u-155,230,0
u-155,231,1
u-155,232,0
u-155,493,0
u-155,494,0
u-155,495,0
u-155,496,0
u-156,229,1
u-156,230,0
u-156,231,1
u-156,232,1
u-156,493,1
u-156,494,1
u-156,495,1
u-156,496,1
u-190,229,1
u-190,230,0
u-190,231,1
u-190,232,0
u-190,493,1
u-190,494,0
u-190,495,0
u-190,496,0
u-191,229,0
u-191,230,0
u-191,231,0
u-191,232,1
u-191,493,1
u-191,494,1
u-191,495,1
u-191,496,0
u-192,229,1
u-192,230,0
u-192,231,0
u-192,232,0
u-192,493,0
u-192,494,1
u-192,495,1
u-192,496,1
u-226,229,0
u-226,230,0
u-226,231,0
u-226,232,1
u-226,493,0
u-226,494,1
u-226,495,0
u-226,496,0
u-227,229,1
u-227,230,1
u-227,231,1
u-227,232,0
u-227,493,0
u-227,494,0
u-227,495,0
u-227,496,0
u-228,229,1
u-228,230,0
u-228,231,1
u-228,232,1
u-228,493,0
u-228,494,0
u-228,495,0
u-228,496,0
u-262,229,0
u-262,230,0
u-262,231,1
u-262,232,1
u-262,493,0
u-262,494,0
u-262,495,0
u-262,496,0
u-263,229,1
u-263,230,0
u-263,231,1
u-263,232,1
u-263,493,0
u-263,494,1
u-263,495,0
u-263,496,1
u-264,229,0
u-264,230,1
u-264,231,0
u-264,232,1
u-264,493,1
u-264,494,0
u-264,495,1
u-264,496,0
u-298,229,1
u-298,230,0
u-298,231,0
u-298,232,0
u-298,493,1
u-298,494,0
u-298,495,1
u-298,496,0
u-299,229,0
u-299,230,0
u-299,231,1
u-299,232,1
u-299,493,1
u-299,494,0
u-299,495,1
u-299,496,0
u-300,229,0
u-300,230,0
u-300,231,1
u-300,232,1
u-300,493,1
u-300,494,0
u-300,495,1
u-300,496,1
u-334,229,0
u-334,230,1
u-334,231,0
u-334,232,0
u-334,493,0
u-334,494,0
u-334,495,0
u-334,496,0
u-335,229,1
u-335,230,0
u-335,231,1
u-335,232,1
u-335,493,0
u-335,494,0
u-335,495,1
u-335,496,1
u-336,229,1
u-336,230,1
u-336,231,0
u-336,232,0
u-336,493,1
u-336,494,0
u-336,495,0
u-336,496,0
u-370,229,1
u-370,230,0
u-370,231,1
u-370,232,1
u-370,493,0
u-370,494,1
u-370,495,1
u-370,496,1
u-371,229,1
u-371,230,0
u-371,231,1
u-371,232,0
u-371,493,1
u-371,494,1
u-371,495,0
u-371,496,0
u-372,229,1
u-372,230,0
u-372,231,1
u-372,232,1
u-372,493,1
u-372,494,1
u-372,495,0
u-372,496,0
u-406,229,0
u-406,230,0
u-406,231,1
u-406,232,1
u-406,493,0
u-406,494,0
u-406,495,1
u-406,496,1
u-407,229,0
u-407,230,0
u-407,231,1
u-407,232,0
u-407,493,1
u-407,494,0
u-407,495,1
u-407,496,0
u-408,229,1
u-408,230,0
u-408,231,0
u-408,232,0
u-408,493,1
u-408,494,0
u-408,495,0
u-408,496,1
u-442,229,0
u-442,230,0
u-442,231,0
u-442,232,0
u-442,493,0
u-442,494,0
u-442,495,0
u-442,496,0
u-443,229,0
u-443,230,1
u-443,231,0
u-443,232,0
u-443,493,1
u-443,494,1
u-443,495,1
u-443,496,1
u-444,229,1
u-444,230,1
u-444,231,0
u-444,232,0
u-444,493,0
u-444,494,1
u-444,495,1
u-444,496,1
u-478,229,1
u-478,230,1
u-478,231,0
u-478,232,0
u-478,493,0
u-478,494,1
u-478,495,1
u-478,496,1
u-479,229,0
u-479,230,0
u-479,231,1
u-479,232,1
u-479,493,1
u-479,494,0
u-479,495,1
u-479,496,0
u-480,229,0
u-480,230,0
u-480,231,0
u-480,232,0
u-480,493,0
u-480,494,1
u-480,495,0
u-480,496,1
u-13,233,0
u-13,234,0
u-13,235,1
u-13,236,0
u-13,497,0
u-13,498,1
u-13,499,0
u-13,500,1
u-14,233,1
u-14,234,1
u-14,235,0
u-14,236,1
u-14,497,1
u-14,498,1
u-14,499,1
u-14,500,1
u-15,233,1
u-15,234,1
u-15,235,1
u-15,236,1
u-15,497,1
u-15,498,1
u-15,499,0
u-15,500,0
u-49,233,1
u-49,234,0
u-49,235,0
u-49,236,0
u-49,497,1
u-49,498,0
u-49,499,0
u-49,500,1
u-50,233,0
u-50,234,1
u-50,235,1
u-50,236,0
u-50,497,0
u-50,498,0
u-50,499,1
u-50,500,0
u-51,233,1
u-51,234,0
u-51,235,1
u-51,236,0
u-51,497,0
u-51,498,1
u-51,499,1
u-51,500,1
u-85,233,0
u-85,234,0
u-85,235,1
u-85,236,1
u-85,497,0
u-85,498,0
u-85,499,0
u-85,500,1
u-86,233,1
u-86,234,1
u-86,235,0
u-86,236,0
u-86,497,0
u-86,498,1
u-86,499,1
u-86,500,1
u-87,233,0
u-87,234,0
u-87,235,1
u-87,236,1
u-87,497,1
u-87,498,1
u-87,499,0
u-87,500,1
u-121,233,0
u-121,234,1
u-121,235,1
u-121,236,0
u-121,497,1
u-121,498,1
u-121,499,0
u-121,500,1
u-122,233,0
u-122,234,0
u-122,235,1
u-122,236,1
u-122,497,0
u-122,498,0
u-122,499,0
u-122,500,0
u-123,233,1
u-123,234,1
u-123,235,0
u-123,236,0
u-123,497,0
u-123,498,1
u-123,499,1
u-123,500,1
u-157,233,1
u-157,234,0
u-157,235,1
u-157,236,1
u-157,497,1
u-157,498,0
u-157,499,1
u-157,500,1
u-158,233,1
u-158,234,0
u-158,235,0
u-158,236,0
u-158,497,1
u-158,498,1
u-158,499,1
u-158,500,0
u-159,233,0
u-159,234,0
u-159,235,1
u-159,236,1
u-159,497,1
u-159,498,0
u-159,499,1
u-159,500,1
u-193,233,0
u-193,234,1
u-193,235,1
u-193,236,1
u-193,497,0
u-193,498,0
u-193,499,1
u-193,500,1
u-194,233,0
u-194,234,0
u-194,235,1
u-194,236,0
u-194,497,0
u-194,498,0
u-194,499,0
u-194,500,0
u-195,233,1
u-195,234,0
u-195,235,1
u-195,236,1
u-195,497,0
u-195,498,0
u-195,499,0
u-195,500,0
u-229,233,0
u-229,234,0
u-229,235,1
u-229,236,0
u-229,497,0
u-229,498,1
u-229,499,1
u-229,500,0
u-230,233,1
u-230,234,0
u-230,235,1
u-230,236,0
u-230,497,0
u-230,498,0
u-230,499,0
u-230,500,1
u-231,233,0
u-231,234,1
u-231,235,0
u-231,236,1
u-231,497,0
u-231,498,0
u-231,499,1
u-231,500,1
u-265,233,0
u-265,234,0
u-265,235,0
u-265,236,1
u-265,497,1
u-265,498,0
u-265,499,1
u-265,500,1
u-266,233,0
u-266,234,0
u-266,235,0
u-266,236,1
u-266,497,1
u-266,498,1
u-266,499,1
u-266,500,0
u-267,233,1
u-267,234,1
u-267,235,0
u-267,236,0
u-267,497,0
u-267,498,0
u-267,499,0
u-267,500,1
u-301,233,0
u-301,234,0
u-301,235,1
u-301,236,1
u-301,497,1
u-301,498,0
u-301,499,1
u-301,500,0
u-302,233,1
u-302,234,1
u-302,235,1
u-302,236,1
u-302,497,1
u-302,498,0
u-302,499,0
u-302,500,1
u-303,233,1
u-303,234,1
u-303,235,1
u-303,236,1
u-303,497,0
u-303,498,0
u-303,499,1
u-303,500,0
u-337,233,1
u-337,234,0
u-337,235,1
u-337,236,0
u-337,497,1
u-337,498,1
u-337,499,0
u-337,500,0
u-338,233,0
u-338,234,1
u-338,235,0
u-338,236,0
u-338,497,0
u-338,498,0
u-338,499,0
u-338,500,1
u-339,233,1
u-339,234,0
u-339,235,0
u-339,236,1
u-339,497,1
u-339,498,0
u-339,499,1
u-339,500,1
u-373,233,1
u-373,234,1
u-373,235,0
u-373,236,0
u-373,497,1
u-373,498,0
u-373,499,1
u-373,500,0
u-374,233,0
u-374,234,0
u-374,235,0
u-374,236,1
u-374,497,0
u-374,498,0
u-374,499,0
u-374,500,1
u-375,233,1
u-375,234,1
u-375,235,0
u-375,236,0
u-375,497,0
u-375,498,0
u-375,499,1
u-375,500,0
u-409,233,0
u-409,234,1
u-409,235,1
u-409,236,0
u-409,497,1
u-409,498,0
u-409,499,1
u-409,500,0
u-410,233,1
u-410,234,1
u-410,235,0
u-410,236,0
u-410,497,0
u-410,498,0
u-410,499,1
u-410,500,0
u-411,233,0
u-411,234,0
u-411,235,1
u-411,236,0
u-411,497,1
u-411,498,1
u-411,499,0
u-411,500,1
u-445,233,0
u-445,234,1
u-445,235,0
u-445,236,0
u-445,497,0
u-445,498,1
u-445,499,0
u-445,500,1
u-446,233,1
u-446,234,0
u-446,235,1
u-446,236,1
u-446,497,1
u-446,498,0
u-446,499,1
u-446,500,1
u-447,233,1
u-447,234,1
u-447,235,1
u-447,236,0
u-447,497,0
u-447,498,0
u-447,499,0
u-447,500,1
u-481,233,0
u-481,234,1
u-481,235,0
u-481,236,0
u-481,497,1
u-481,498,1
u-481,499,0
u-481,500,0
u-482,233,0
u-482,234,1
u-482,235,1
u-482,236,0
u-482,497,0
u-482,498,0
u-482,499,0
u-482,500,0
u-483,233,0
u-483,234,0
u-483,235,1
u-483,236,1
u-483,497,1
u-483,498,1
u-483,499,1
u-483,500,1
u-16,189,0
u-16,190,0
u-16,191,1
u-16,192,0
u-16,453,0
u-16,454,0
u-16,455,1
u-16,456,0
u-52,189,1
u-52,190,0
u-52,191,1
u-52,192,1
u-52,453,1
u-52,454,0
u-52,455,0
u-52,456,1
u-88,189,1
u-88,190,1
u-88,191,1
u-88,192,1
u-88,453,1
u-88,454,0
u-88,455,1
u-88,456,1
u-124,189,0
u-124,190,0
u-124,191,0
u-124,192,0
u-124,453,1
u-124,454,1
u-124,455,0
u-124,456,0
u-160,189,1
u-160,190,0
u-160,191,0
u-160,192,1
u-160,453,0
u-160,454,0
u-160,455,1
u-160,456,1
u-196,189,0
u-196,190,1
u-196,191,1
u-196,192,0
u-196,453,0
u-196,454,1
u-196,455,1
u-196,456,1
u-232,189,1
u-232,190,0
u-232,191,0
u-232,192,0
u-232,453,0
u-232,454,0
u-232,455,1
u-232,456,1
u-268,189,1
u-268,190,0
u-268,191,1
u-268,192,1
u-268,453,0
u-268,454,1
u-268,455,1
u-268,456,1
u-304,189,1
u-304,190,0
u-304,191,1
u-304,192,1
u-304,453,1
u-304,454,1
u-304,455,0
u-304,456,0
u-340,189,0
u-340,190,1
u-340,191,0
u-340,192,1
u-340,453,0
u-340,454,1
u-340,455,0
u-340,456,0
u-376,189,1
u-376,190,0
u-376,191,1
u-376,192,1
u-376,453,0
u-376,454,0
u-376,455,1
u-376,456,1
u-412,189,0
u-412,190,0
u-412,191,1
u-412,192,0
u-412,453,0
u-412,454,0
u-412,455,0
u-412,456,1
u-448,189,0
u-448,190,1
u-448,191,0
u-448,192,1
u-448,453,1
u-448,454,1
u-448,455,1
u-448,456,1
u-484,189,1
u-484,190,0
u-484,191,0
u-484,192,0
u-484,453,0
u-484,454,0
u-484,455,1
u-484,456,1
u-17,237,0
u-17,238,1
u-17,239,1
u-17,240,0
u-18,237,0
u-18,238,0
u-18,239,0
u-18,240,0
u-53,237,0
u-53,238,1
u-53,239,1
u-53,240,0
u-54,237,1
u-54,238,0
u-54,239,1
u-54,240,0
u-89,237,1
u-89,238,1
u-89,239,0
u-89,240,0
u-90,237,0
u-90,238,1
u-90,239,0
u-90,240,1
u-125,237,0
u-125,238,1
u-125,239,1
u-125,240,1
u-126,237,1
u-126,238,0
u-126,239,0
u-126,240,0
u-161,237,0
u-161,238,0
u-161,239,0
u-161,240,0
u-162,237,1
u-162,238,0
u-162,239,1
u-162,240,0
u-197,237,0
u-197,238,0
u-197,239,1
u-197,240,1
u-198,237,0
u-198,238,0
u-198,239,1
u-198,240,1
u-233,237,1
u-233,238,0
u-233,239,1
u-233,240,1
u-234,237,1
u-234,238,0
u-234,239,0
u-234,240,1
u-269,237,0
u-269,238,1
u-269,239,0
u-269,240,1
u-270,237,0
u-270,238,0
u-270,239,0
u-270,240,0
u-305,237,0
u-305,238,0
u-305,239,1
u-305,240,0
u-306,237,1
u-306,238,1
u-306,239,0
u-306,240,1
u-341,237,1
u-341,238,1
u-341,239,0
u-341,240,0
u-342,237,1
u-342,238,1
u-342,239,1
u-342,240,0
u-377,237,1
u-377,238,1
u-377,239,0
u-377,240,0
u-378,237,0
u-378,238,1
u-378,239,0
u-378,240,0
u-413,237,0
u-413,238,0
u-413,239,0
u-413,240,0
u-414,237,0
u-414,238,0
u-414,239,1
u-414,240,0
u-449,237,0
u-449,238,0
u-449,239,0
u-449,240,0
u-450,237,0
u-450,238,0
u-450,239,1
u-450,240,0
u-485,237,1
u-485,238,1
u-485,239,0
u-485,240,1
u-486,237,0
u-486,238,1
u-486,239,1
u-486,240,1
u-19,193,0
u-19,194,1
u-19,195,0
u-19,196,0
u-19,457,0
u-19,458,0
u-19,459,1
u-19,460,0
u-20,193,0
u-20,194,0
u-20,195,0
u-20,196,0
u-20,457,0
u-20,458,0
u-20,459,1
u-20,460,1
u-55,193,1
u-55,194,1
u-55,195,0
u-55,196,0
u-55,457,1
u-55,458,1
u-55,459,1
u-55,460,1
u-56,193,0
u-56,194,0
u-56,195,0
u-56,196,0
u-56,457,0
u-56,458,0
u-56,459,0
u-56,460,0
u-91,193,0
u-91,194,1
u-91,195,1
u-91,196,0
u-91,457,0
u-91,458,1
u-91,459,1
u-91,460,1
u-92,193,1
u-92,194,0
u-92,195,0
u-92,196,0
u-92,457,0
u-92,458,0
u-92,459,0
u-92,460,1
u-127,193,0
u-127,194,0
u-127,195,0
u-127,196,0
u-127,457,1
u-127,458,0
u-127,459,1
u-127,460,0
u-128,193,1
u-128,194,1
u-128,195,0
u-128,196,0
u-128,457,0
u-128,458,1
u-128,459,1
u-128,460,1
u-163,193,0
u-163,194,1
u-163,195,1
u-163,196,0
u-163,457,0
u-163,458,1
u-163,459,0
u-163,460,1
u-164,193,0
u-164,194,1
u-164,195,0
u-164,196,0
u-164,457,1
u-164,458,0
u-164,459,0
u-164,460,1
u-199,193,1
u-199,194,0
u-199,195,1
u-199,196,0
u-199,457,1
u-199,458,1
u-199,459,1
u-199,460,1
u-200,193,0
u-200,194,0
u-200,195,0
u-200,196,1
u-200,457,1
u-200,458,0
u-200,459,1
u-200,460,1
u-235,193,0
u-235,194,0
u-235,195,1
u-235,196,0
u-235,457,0
u-235,458,1
u-235,459,1
u-235,460,1
u-236,193,0
u-236,194,0
u-236,195,0
u-236,196,1
u-236,457,0
u-236,458,0
u-236,459,1
u-236,460,0
u-271,193,1
u-271,194,0
u-271,195,1
u-271,196,0
u-271,457,0
u-271,458,0
u-271,459,0
u-271,460,0
u-272,193,1
u-272,194,1
u-272,195,1
u-272,196,1
u-272,457,0
u-272,458,0
u-272,459,1
u-272,460,1
u-307,193,0
u-307,194,1
u-307,195,1
u-307,196,1
u-307,457,1
u-307,458,1
u-307,459,0
u-307,460,0
u-308,193,0
u-308,194,0
u-308,195,0
u-308,196,0
u-308,457,0
u-308,458,0
u-308,459,0
u-308,460,0
u-343,193,1
u-343,194,0
u-343,195,1
u-343,196,1
u-343,457,0
u-343,458,1
u-343,459,0
u-343,460,1
u-344,193,1
u-344,194,0
u-344,195,0
u-344,196,1
u-344,457,0
u-344,458,0
u-344,459,0
u-344,460,1
u-379,193,1
u-379,194,1
u-379,195,1
u-379,196,1
u-379,457,0
u-379,458,0
u-379,459,0
u-379,460,0
u-380,193,0
u-380,194,1
u-380,195,1
u-380,196,0
u-380,457,0
u-380,458,0
u-380,459,0
u-380,460,1
u-415,193,0
u-415,194,0
u-415,195,0
u-415,196,1
u-415,457,1
u-415,458,0
u-415,459,1
u-415,460,0
u-416,193,1
u-416,194,0
u-416,195,1
u-416,196,0
u-416,457,0
u-416,458,0
u-416,459,1
u-416,460,1
u-451,193,1
u-451,194,0
u-451,195,1
u-451,196,1
u-451,457,0
u-451,458,1
u-451,459,0
u-451,460,0
u-452,193,1
u-452,194,1
u-452,195,0
u-452,196,1
u-452,457,0
u-452,458,1
u-452,459,0
u-452,460,1
u-487,193,1
u-487,194,1
u-487,195,0
u-487,196,1
u-487,457,0
u-487,458,1
u-487,459,1
u-487,460,1
u-488,193,0
u-488,194,1
u-488,195,0
u-488,196,1
u-488,457,1
u-488,458,0
u-488,459,1
u-488,460,1
u-21,241,0
u-21,242,0
u-21,243,0
u-21,244,1
u-57,241,0
u-57,242,0
u-57,243,0
u-57,244,1
u-93,241,1
u-93,242,0
u-93,243,0
u-93,244,0
u-129,241,0
u-129,242,1
u-129,243,1
u-129,244,0
u-165,241,1
u-165,242,0
u-165,243,1
u-165,244,1
u-201,241,0
u-201,242,1
u-201,243,1
u-201,244,0
u-237,241,0
u-237,242,0
u-237,243,1
u-237,244,1
u-273,241,1
u-273,242,0
u-273,243,0
u-273,244,0
u-309,241,1
u-309,242,0
u-309,243,0
u-309,244,1
u-345,241,1
u-345,242,0
u-345,243,0
u-345,244,0
u-381,241,0
u-381,242,1
u-381,243,1
u-381,244,0
u-417,241,0
u-417,242,1
u-417,243,1
u-417,244,0
u-453,241,0
u-453,242,1
u-453,243,0
u-453,244,1
u-489,241,1
u-489,242,1
u-489,243,0
u-489,244,0
u-22,197,0
u-22,198,0
u-22,199,1
u-22,200,0
u-22,461,1
u-22,462,0
u-22,463,0
u-22,464,1
u-23,197,0
u-23,198,1
u-23,199,0
u-23,200,1
u-23,461,0
u-23,462,1
u-23,463,0
u-23,464,1
u-24,197,1
u-24,198,1
u-24,199,0
u-24,200,0
u-24,461,1
u-24,462,0
u-24,463,1
u-24,464,1
u-58,197,1
u-58,198,1
u-58,199,1
u-58,200,1
u-58,461,1
u-58,462,1
u-58,463,1
u-58,464,1
u-59,197,1
u-59,198,0
u-59,199,1
u-59,200,0
u-59,461,1
u-59,462,1
u-59,463,0
u-59,464,0
u-60,197,1
u-60,198,0
u-60,199,0
u-60,200,0
u-60,461,0
u-60,462,0
u-60,463,1
u-60,464,0
u-94,197,0
u-94,198,1
u-94,199,0
u-94,200,0
u-94,461,0
u-94,462,1
u-94,463,0
u-94,464,1
u-95,197,0
u-95,198,0
u-95,199,1
u-95,200,1
u-95,461,1
u-95,462,1
u-95,463,1
u-95,464,1
u-96,197,0
u-96,198,1
u-96,199,0
u-96,200,1
u-96,461,1
u-96,462,0
u-96,463,1
u-96,464,0
u-130,197,0
u-130,198,1
u-130,199,0
u-130,200,1
u-130,461,0
u-130,462,1
u-130,463,0
u-130,464,0
u-131,197,0
u-131,198,1
u-131,199,1
u-131,200,1
u-131,461,1
u-131,462,1
u-131,463,0
u-131,464,0
u-132,197,1
u-132,198,0
u-132,199,0
u-132,200,0
u-132,461,1
u-132,462,1
u-132,463,1
u-132,464,0
u-166,197,0
u-166,198,1
u-166,199,0
u-166,200,0
u-166,461,1
u-166,462,1
u-166,463,0
u-166,464,1
u-167,197,0
u-167,198,0
u-167,199,0
u-167,200,0
u-167,461,1
u-167,462,1
u-167,463,1
u-167,464,0
u-168,197,0
u-168,198,0
u-168,199,0
u-168,200,0
u-168,461,1
u-168,462,1
u-168,463,1
u-168,464,0
u-202,197,1
u-202,198,0
u-202,199,1
u-202,200,0
u-202,461,0
u-202,462,1
u-202,463,1
u-202,464,0
u-203,197,0
u-203,198,1
u-203,199,0
u-203,200,1
u-203,461,1
u-203,462,0
u-203,463,0
u-203,464,1
u-204,197,1
u-204,198,1
u-204,199,1
u-204,200,0
u-204,461,1
u-204,462,0
u-204,463,1
u-204,464,0
u-238,197,0
u-238,198,0
u-238,199,1
u-238,200,1
u-238,461,1
u-238,462,0
u-238,463,1
u-238,464,0
u-239,197,0
u-239,198,0
u-239,199,0
u-239,200,1
u-239,461,1
u-239,462,1
u-239,463,1
u-239,464,0
u-240,197,0
u-240,198,0
u-240,199,0
u-240,200,0
u-240,461,1
u-240,462,1
u-240,463,0
u-240,464,1
u-274,197,0
u-274,198,1
u-274,199,1
u-274,200,1
u-274,461,1
u-274,462,0
u-274,463,1
u-274,464,0
u-275,197,0
u-275,198,0
u-275,199,0
u-275,200,0
u-275,461,1
u-275,462,0
u-275,463,1
u-275,464,1
u-276,197,0
u-276,198,0
u-276,199,1
u-276,200,0
u-276,461,0
u-276,462,0
u-276,463,0
u-276,464,1
u-310,197,1
u-310,198,0
u-310,199,0
u-310,200,0
u-310,461,0
u-310,462,1
u-310,463,1
u-310,464,1
u-311,197,0
u-311,198,1
u-311,199,1
u-311,200,1
u-311,461,1
u-311,462,0
u-311,463,1
u-311,464,0
u-312,197,0
u-312,198,0
u-312,199,0
u-312,200,0
u-312,461,0
u-312,462,0
u-312,463,1
u-312,464,1
u-346,197,0
u-346,198,1
u-346,199,1
u-346,200,0
u-346,461,1
u-346,462,0
u-346,463,0
u-346,464,1
u-347,197,1
u-347,198,0
u-347,199,0
u-347,200,1
u-347,461,1
u-347,462,1
u-347,463,1
u-347,464,1
u-348,197,0
u-348,198,0
u-348,199,0
u-348,200,1
u-348,461,1
u-348,462,0
u-348,463,1
u-348,464,0
u-382,197,1
u-382,198,0
u-382,199,1
u-382,200,1
u-382,461,1
u-382,462,1
u-382,463,0
u-382,464,0
u-383,197,0
u-383,198,0
u-383,199,1
u-383,200,1
u-383,461,1
u-383,462,0
u-383,463,0
u-383,464,0
u-384,197,1
u-384,198,1
u-384,199,0
u-384,200,0
u-384,461,1
u-384,462,0
u-384,463,1
u-384,464,0
u-418,197,0
u-418,198,1
u-418,199,1
u-418,200,1
u-418,461,1
u-418,462,0
u-418,463,0
u-418,464,0
u-419,197,0
u-419,198,1
u-419,199,1
u-419,200,1
u-419,461,1
u-419,462,1
u-419,463,0
u-419,464,0
u-420,197,1
u-420,198,0
u-420,199,0
u-420,200,0
u-420,461,0
u-420,462,1
u-420,463,0
u-420,464,1
u-454,197,1
u-454,198,0
u-454,199,0
u-454,200,1
u-454,461,1
u-454,462,0
u-454,463,0
u-454,464,1
u-455,197,0
u-455,198,1
u-455,199,1
u-455,200,0
u-455,461,0
u-455,462,1
u-455,463,0
u-455,464,0
u-456,197,1
u-456,198,0
u-456,199,0
u-456,200,1
u-456,461,0
u-456,462,0
u-456,463,0
u-456,464,1
u-490,197,1
u-490,198,0
u-490,199,1
u-490,200,1
u-490,461,0
u-490,462,1
u-490,463,1
u-490,464,0
u-491,197,1
u-491,198,0
u-491,199,1
u-491,200,0
u-491,461,1
u-491,462,0
u-491,463,1
u-491,464,0
u-492,197,0
u-492,198,1
u-492,199,0
u-492,200,0
u-492,461,0
u-492,462,1
u-492,463,0
u-492,464,1
u-25,201,0
u-25,202,0
u-25,203,0
u-25,204,1
u-25,465,1
u-25,466,1
u-25,467,0
u-25,468,0
u-26,201,0
u-26,202,0
u-26,203,1
u-26,204,1
u-26,465,0
u-26,466,0
u-26,467,1
u-26,468,0
u-27,201,0
u-27,202,0
u-27,203,0
u-27,204,1
u-27,465,1
u-27,466,1
u-27,467,1
u-27,468,0
u-61,201,0
u-61,202,1
u-61,203,0
u-61,204,0
u-61,465,0
u-61,466,0
u-61,467,1
u-61,468,0
u-62,201,1
u-62,202,1
u-62,203,1
u-62,204,0
u-62,465,0
u-62,466,1
u-62,467,1
u-62,468,0
u-63,201,1
u-63,202,0
u-63,203,1
u-63,204,1
u-63,465,0
u-63,466,1
u-63,467,1
u-63,468,1
u-97,201,1
u-97,202,0
u-97,203,0
u-97,204,0
u-97,465,0
u-97,466,1
u-97,467,1
u-97,468,0
u-98,201,0
u-98,202,0
u-98,203,0
u-98,204,0
u-98,465,1
u-98,466,0
u-98,467,1
u-98,468,1
u-99,201,0
u-99,202,1
u-99,203,0
u-99,204,1
u-99,465,0
u-99,466,0
u-99,467,1
u-99,468,0
u-133,201,0
u-133,202,1
u-133,203,0
u-133,204,0
u-133,465,1
u-133,466,1
u-133,467,0
u-133,468,0
u-134,201,0
u-134,202,1
u-134,203,1
u-134,204,0
u-134,465,0
u-134,466,0
u-134,467,0
u-134,468,1
u-135,201,1
u-135,202,0
u-135,203,1
u-135,204,1
u-135,465,1
u-135,466,0
u-135,467,1
u-135,468,1
u-169,201,1
u-169,202,0
u-169,203,0
u-169,204,0
u-169,465,1
u-169,466,0
u-169,467,1
u-169,468,0
u-170,201,1
u-170,202,0
u-170,203,1
u-170,204,1
u-170,465,0
u-170,466,1
u-170,467,1
u-170,468,1
u-171,201,0
u-171,202,0
u-171,203,0
u-171,204,1
u-171,465,1
u-171,466,1
u-171,467,0
u-171,468,0
u-205,201,1
u-205,202,1
u-205,203,1
u-205,204,1
u-205,465,1
u-205,466,1
u-205,467,1
u-205,468,0
u-206,201,0
u-206,202,0
u-206,203,1
u-206,204,0
u-206,465,0
u-206,466,0
u-206,467,0
u-206,468,1
u-207,201,0
u-207,202,0
u-207,203,1
u-207,204,0
u-207,465,0
u-207,466,1
u-207,467,0
u-207,468,0
u-241,201,1
u-241,202,1
u-241,203,0
u-241,204,0
u-241,465,1
u-241,466,0
u-241,467,1
u-241,468,0
u-242,201,1
u-242,202,0
u-242,203,0
u-242,204,1
u-242,465,0
u-242,466,1
u-242,467,0
u-242,468,1
u-243,201,1
u-243,202,1
u-243,203,0
u-243,204,0
u-243,465,0
u-243,466,1
u-243,467,1
u-243,468,1
u-277,201,1
u-277,202,0
u-277,203,0
u-277,204,1
u-277,465,0
u-277,466,1
u-277,467,1
u-277,468,0
u-278,201,0
u-278,202,0
u-278,203,1
u-278,204,0
u-278,465,1
u-278,466,1
u-278,467,0
u-278,468,0
u-279,201,0
u-279,202,0
u-279,203,0
u-279,204,0
u-279,465,1
u-279,466,0
u-279,467,1
u-279,468,1
u-313,201,1
u-313,202,1
u-313,203,1
u-313,204,0
u-313,465,1
u-313,466,1
u-313,467,0
u-313,468,0
u-314,201,0
u-314,202,0
u-314,203,0
u-314,204,1
u-314,465,1
u-314,466,0
u-314,467,0
u-314,468,1
u-315,201,0
u-315,202,1
u-315,203,0
u-315,204,1
u-315,465,0
u-315,466,0
u-315,467,0
u-315,468,1
u-349,201,1
u-349,202,0
u-349,203,1
u-349,204,0
u-349,465,0
u-349,466,0
u-349,467,1
u-349,468,0
u-350,201,0
u-350,202,1
u-350,203,1
u-350,204,1
u-350,465,1
u-350,466,0
u-350,467,0
u-350,468,0
u-351,201,0
u-351,202,1
u-351,203,0
u-351,204,1
u-351,465,1
u-351,466,0
u-351,467,1
u-351,468,1
u-385,201,0
u-385,202,1
u-385,203,1
u-385,204,0
u-385,465,0
u-385,466,0
u-385,467,0
u-385,468,1
u-386,201,0
u-386,202,1
u-386,203,0
u-386,204,0
u-386,465,1
u-386,466,0
u-386,467,1
u-386,468,0
u-387,201,1
u-387,202,0
u-387,203,0
u-387,204,0
u-387,465,1
u-387,466,0
u-387,467,0
u-387,468,0
u-421,201,1
u-421,202,1
u-421,203,0
u-421,204,1
u-421,465,0
u-421,466,0
u-421,467,0
u-421,468,1
u-422,201,1
u-422,202,0
u-422,203,1
u-422,204,0
u-422,465,1
u-422,466,0
u-422,467,1
u-422,468,1
u-423,201,0
u-423,202,0
u-423,203,1
u-423,204,1
u-423,465,0
u-423,466,1
u-423,467,1
u-423,468,0
u-457,201,1
u-457,202,0
u-457,203,0
u-457,204,0
u-457,465,1
u-457,466,1
u-457,467,1
u-457,468,1
u-458,201,0
u-458,202,1
u-458,203,0
u-458,204,1
u-458,465,1
u-458,466,1
u-458,467,0
u-458,468,0
u-459,201,1
u-459,202,1
u-459,203,0
u-459,204,0
u-459,465,1
u-459,466,0
u-459,467,1
u-459,468,0
u-493,201,1
u-493,202,0
u-493,203,0
u-493,204,1
u-493,465,1
u-493,466,0
u-493,467,1
u-493,468,1
u-494,201,1
u-494,202,1
u-494,203,0
u-494,204,0
u-494,465,1
u-494,466,1
u-494,467,0
u-494,468,1
u-495,201,1
u-495,202,1
u-495,203,1
u-495,204,1
u-495,465,0
u-495,466,0
u-495,467,1
u-495,468,1
u-28,157,0
u-28,158,0
u-28,159,1
u-28,160,0
u-28,421,0
u-28,422,1
u-28,423,1
u-28,424,1
u-64,157,0
u-64,158,1
u-64,159,0
u-64,160,0
u-64,421,1
u-64,422,1
u-64,423,1
u-64,424,1
u-100,157,0
u-100,158,0
u-100,159,1
u-100,160,0
u-100,421,0
u-100,422,1
u-100,423,1
u-100,424,1
u-136,157,0
u-136,158,1
u-136,159,1
u-136,160,0
u-136,421,0
u-136,422,1
u-136,423,0
u-136,424,0
u-172,157,0
u-172,158,0
u-172,159,0
u-172,160,0
u-172,421,0
u-172,422,1
u-172,423,0
u-172,424,1
u-208,157,0
u-208,158,1
u-208,159,1
u-208,160,1
u-208,421,0
u-208,422,0
u-208,423,1
u-208,424,1
u-244,157,0
u-244,158,1
u-244,159,1
u-244,160,1
u-244,421,1
u-244,422,1
u-244,423,0
u-244,424,0
u-280,157,1
u-280,158,1
u-280,159,0
u-280,160,0
u-280,421,0
u-280,422,0
u-280,423,1
u-280,424,0
u-316,157,1
u-316,158,0
u-316,159,0
u-316,160,1
u-316,421,0
u-316,422,1
u-316,423,0
u-316,424,0
u-352,157,0
u-352,158,1
u-352,159,1
u-352,160,1
u-352,421,1
u-352,422,0
u-352,423,1
u-352,424,0
u-388,157,0
u-388,158,0
u-388,159,0
u-388,160,1
u-388,421,0
u-388,422,0
u-388,423,1
u-388,424,0
u-424,157,0
u-424,158,0
u-424,159,0
u-424,160,1
u-424,421,1
u-424,422,0
u-424,423,1
u-424,424,0
u-460,157,1
u-460,158,1
u-460,159,1
u-460,160,1
u-460,421,1
u-460,422,0
u-460,423,1
u-460,424,0
u-496,157,0
u-496,158,0
u-496,159,0
u-496,160,0
u-496,421,1
u-496,422,1
u-496,423,1
u-496,424,1
u-29,205,1
u-29,206,0
u-29,207,1
u-29,208,0
u-29,469,0
u-29,470,0
u-29,471,0
u-29,472,0
u-30,205,0
u-30,206,0
u-30,207,1
u-30,208,0
u-30,469,1
u-30,470,1
u-30,471,1
u-30,472,0
u-65,205,0
u-65,206,1
u-65,207,0
u-65,208,0
u-65,469,1
u-65,470,0
u-65,471,1
u-65,472,0
u-66,205,0
u-66,206,0
u-66,207,1
u-66,208,0
u-66,469,1
u-66,470,0
u-66,471,0
u-66,472,1
u-101,205,0
u-101,206,1
u-101,207,1
u-101,208,1
u-101,469,0
u-101,470,1
u-101,471,0
u-101,472,0
u-102,205,0
u-102,206,1
u-102,207,1
u-102,208,1
u-102,469,1
u-102,470,0
u-102,471,1
u-102,472,0
u-137,205,1
u-137,206,0
u-137,207,0
u-137,208,1
u-137,469,1
u-137,470,1
u-137,471,1
u-137,472,1
u-138,205,0
u-138,206,1
u-138,207,1
u-138,208,1
u-138,469,0
u-138,470,0
u-138,471,0
u-138,472,1
u-173,205,0
u-173,206,1
u-173,207,1
u-173,208,1
u-173,469,0
u-173,470,0
u-173,471,0
u-173,472,1
u-174,205,0
u-174,206,1
u-174,207,1
u-174,208,0
u-174,469,0
u-174,470,1
u-174,471,1
u-174,472,1
u-209,205,0
u-209,206,0
u-209,207,1
u-209,208,1
u-209,469,1
u-209,470,1
u-209,471,1
u-209,472,0
u-210,205,1
u-210,206,0
u-210,207,0
u-210,208,1
u-210,469,1
u-210,470,1
u-210,471,1
u-210,472,0
u-245,205,1
u-245,206,1
u-245,207,0
u-245,208,1
u-245,469,0
u-245,470,1
u-245,471,0
u-245,472,1
u-246,205,0
u-246,206,1
u-246,207,0
u-246,208,0
u-246,469,0
u-246,470,1
u-246,471,0
u-246,472,0
u-281,205,1
u-281,206,0
u-281,207,1
u-281,208,0
u-281,469,1
u-281,470,1
u-281,471,1
u-281,472,1
u-282,205,1
u-282,206,0
u-282,207,1
u-282,208,0
u-282,469,1
u-282,470,0
u-282,471,1
u-282,472,1
u-317,205,0
u-317,206,1
u-317,207,0
u-317,208,0
u-317,469,1
u-317,470,0
u-317,471,1
u-317,472,1
u-318,205,0
u-318,206,0
u-318,207,1
u-318,208,1
u-318,469,0
u-318,470,0
u-318,471,0
u-318,472,1
u-353,205,0
u-353,206,0
u-353,207,0
u-353,208,0
u-353,469,0
u-353,470,1
u-353,471,1
u-353,472,0
u-354,205,0
u-354,206,0
u-354,207,0
u-354,208,0
u-354,469,1
u-354,470,1
u-354,471,1
u-354,472,1
u-389,205,1
u-389,206,1
u-389,207,1
u-389,208,1
u-389,469,0
u-389,470,1
u-389,471,0
u-389,472,1
u-390,205,0
u-390,206,1
u-390,207,0
u-390,208,1
u-390,469,0
u-390,470,0
u-390,471,1
u-390,472,1
u-425,205,1
u-425,206,1
u-425,207,1
u-425,208,0
u-425,469,0
u-425,470,1
u-425,471,0
u-425,472,1
u-426,205,0
u-426,206,1
u-426,207,0
u-426,208,0
u-426,469,0
u-426,470,0
u-426,471,0
u-426,472,1
u-461,205,1
u-461,206,1
u-461,207,0
u-461,208,1
u-461,469,0
u-461,470,1
u-461,471,0
u-461,472,0
u-462,205,0
u-462,206,1
u-462,207,0
u-462,208,0
u-462,469,0
u-462,470,1
u-462,471,1
u-462,472,0
u-497,205,1
u-497,206,1
u-497,207,0
u-497,208,1
u-497,469,1
u-497,470,0
u-497,471,0
u-497,472,1
u-498,205,1
u-498,206,0
u-498,207,1
u-498,208,1
u-498,469,1
u-498,470,0
u-498,471,1
u-498,472,1
u-31,161,1
u-31,162,1
u-31,163,1
u-31,164,0
u-31,425,0
u-31,426,0
u-31,427,0
u-31,428,0
u-32,161,0
u-32,162,0
u-32,163,0
u-32,164,0
u-32,425,0
u-32,426,1
u-32,427,1
u-32,428,0
u-67,161,0
u-67,162,1
u-67,163,1
u-67,164,1
u-67,425,0
u-67,426,1
u-67,427,0
u-67,428,0
u-68,161,1
u-68,162,0
u-68,163,1
u-68,164,0
u-68,425,1
u-68,426,0
u-68,427,1
u-68,428,1
u-103,161,0
u-103,162,1
u-103,163,1
u-103,164,0
u-103,425,1
u-103,426,1
u-103,427,1
u-103,428,0
u-104,161,0
u-104,162,1
u-104,163,1
u-104,164,1
u-104,425,1
u-104,426,1
u-104,427,0
u-104,428,1
u-139,161,0
u-139,162,0
u-139,163,1
u-139,164,1
u-139,425,0
u-139,426,1
u-139,427,1
u-139,428,1
u-140,161,0
u-140,162,0
u-140,163,0
u-140,164,1
u-140,425,1
u-140,426,0
u-140,427,1
u-140,428,1
u-175,161,1
u-175,162,0
u-175,163,1
u-175,164,0
u-175,425,0
u-175,426,0
u-175,427,0
u-175,428,0
u-176,161,0
u-176,162,0
u-176,163,0
u-176,164,1
u-176,425,0
u-176,426,0
u-176,427,0
u-176,428,0
u-211,161,0
u-211,162,0
u-211,163,0
u-211,164,1
u-211,425,1
u-211,426,0
u-211,427,0
u-211,428,1
u-212,161,0
u-212,162,0
u-212,163,1
u-212,164,0
u-212,425,0
u-212,426,0
u-212,427,0
u-212,428,1
u-247,161,0
u-247,162,0
u-247,163,1
u-247,164,0
u-247,425,1
u-247,426,0
u-247,427,0
u-247,428,0
u-248,161,0
u-248,162,0
u-248,163,0
u-248,164,1
u-248,425,1
u-248,426,0
u-248,427,0
u-248,428,1
u-283,161,0
u-283,162,1
u-283,163,0
u-283,164,0
u-283,425,1
u-283,426,0
u-283,427,0
u-283,428,0
u-284,161,1
u-284,162,0
u-284,163,1
u-284,164,1
u-284,425,0
u-284,426,0
u-284,427,1
u-284,428,0
u-319,161,1
u-319,162,1
u-319,163,1
u-319,164,0
u-319,425,1
u-319,426,0
u-319,427,0
u-319,428,0
u-320,161,0
u-320,162,1
u-320,163,0
u-320,164,1
u-320,425,1
u-320,426,1
u-320,427,1
u-320,428,0
u-355,161,0
u-355,162,0
u-355,163,1
u-355,164,0
u-355,425,1
u-355,426,0
u-355,427,1
u-355,428,1
u-356,161,0
u-356,162,0
u-356,163,0
u-356,164,0
u-356,425,1
u-356,426,1
u-356,427,0
u-356,428,0
u-391,161,1
u-391,162,0
u-391,163,1
u-391,164,1
u-391,425,0
u-391,426,0
u-391,427,1
u-391,428,0
u-392,161,0
u-392,162,0
u-392,163,0
u-392,164,0
u-392,425,0
u-392,426,0
u-392,427,1
u-392,428,0
u-427,161,1
u-427,162,0
u-427,163,1
u-427,164,1
u-427,425,0
u-427,426,0
u-427,427,1
u-427,428,0
u-428,161,1
u-428,162,0
u-428,163,1
u-428,164,0
u-428,425,1
u-428,426,0
u-428,427,0
u-428,428,1
u-463,161,1
u-463,162,0
u-463,163,0
u-463,164,1
u-463,425,1
u-463,426,1
u-463,427,0
u-463,428,0
u-464,161,0
u-464,162,1
u-464,163,1
u-464,164,0
u-464,425,0
u-464,426,1
u-464,427,0
u-464,428,1
u-499,161,0
u-499,162,0
u-499,163,1
u-499,164,1
u-499,425,0
u-499,426,0
u-499,427,0
u-499,428,1
u-500,161,0
u-500,162,0
u-500,163,1
u-500,164,0
u-500,425,1
u-500,426,0
u-500,427,0
u-500,428,0
u-33,209,1
u-33,210,0
u-33,211,0
u-33,212,1
u-33,473,0
u-33,474,0
u-33,475,0
u-33,476,0
u-69,209,0
u-69,210,1
u-69,211,1
u-69,212,1
u-69,473,1
u-69,474,0
u-69,475,1
u-69,476,0
u-105,209,0
u-105,210,0
u-105,211,1
u-105,212,0
u-105,473,0
u-105,474,1
u-105,475,0
u-105,476,0
u-141,209,1
u-141,210,0
u-141,211,0
u-141,212,0
u-141,473,0
u-141,474,0
u-141,475,0
u-141,476,0
u-177,209,0
u-177,210,1
u-177,211,0
u-177,212,1
u-177,473,0
u-177,474,1
u-177,475,0
u-177,476,0
u-213,209,1
u-213,210,0
u-213,211,0
u-213,212,1
u-213,473,1
u-213,474,0
u-213,475,1
u-213,476,1
u-249,209,1
u-249,210,0
u-249,211,1
u-249,212,0
u-249,473,0
u-249,474,1
u-249,475,0
u-249,476,0
u-285,209,1
u-285,210,0
u-285,211,0
u-285,212,1
u-285,473,0
u-285,474,0
u-285,475,1
u-285,476,0
u-321,209,1
u-321,210,1
u-321,211,0
u-321,212,1
u-321,473,1
u-321,474,1
u-321,475,1
u-321,476,0
u-357,209,1
u-357,210,0
u-357,211,1
u-357,212,0
u-357,473,1
u-357,474,0
u-357,475,1
u-357,476,0
u-393,209,0
u-393,210,0
u-393,211,1
u-393,212,1
u-393,473,0
u-393,474,0
u-393,475,0
u-393,476,0
u-429,209,1
u-429,210,1
u-429,211,1
u-429,212,1
u-429,473,1
u-429,474,1
u-429,475,1
u-429,476,1
u-465,209,1
u-465,210,0
u-465,211,1
u-465,212,0
u-465,473,0
u-465,474,0
u-465,475,1
u-465,476,0
u-34,165,0
u-34,166,1
u-34,167,0
u-34,168,0
u-34,429,0
u-34,430,1
u-34,431,1
u-34,432,0
u-35,165,0
u-35,166,0
u-35,167,0
u-35,168,1
u-35,429,1
u-35,430,1
u-35,431,0
u-35,432,0
u-36,165,0
u-36,166,0
u-36,167,1
u-36,168,0
u-36,429,1
u-36,430,0
u-36,431,1
u-36,432,0
u-70,165,0
u-70,166,1
u-70,167,1
u-70,168,1
u-70,429,0
u-70,430,1
u-70,431,0
u-70,432,0
u-71,165,1
u-71,166,0
u-71,167,1
u-71,168,0
u-71,429,1
u-71,430,1
u-71,431,0
u-71,432,0
u-72,165,0
u-72,166,0
u-72,167,1
u-72,168,1
u-72,429,0
u-72,430,0
u-72,431,1
u-72,432,0
u-106,165,1
u-106,166,0
u-106,167,0
u-106,168,0
u-106,429,1
u-106,430,0
u-106,431,1
u-106,432,1
u-107,165,1
u-107,166,0
u-107,167,1
u-107,168,0
u-107,429,1
u-107,430,1
u-107,431,1
u-107,432,0
u-108,165,1
u-108,166,0
u-108,167,1
u-108,168,1
u-108,429,1
u-108,430,1
u-108,431,1
u-108,432,0
u-142,165,1
u-142,166,1
u-142,167,1
u-142,168,0
u-142,429,0
u-142,430,0
u-142,431,1
u-142,432,0
u-143,165,1
u-143,166,1
u-143,167,0
u-143,168,1
u-143,429,1
u-143,430,1
u-143,431,1
u-143,432,0
u-144,165,1
u-144,166,0
u-144,167,0
u-144,168,0
u-144,429,0
u-144,430,1
u-144,431,1
u-144,432,1
u-178,165,1
u-178,166,0
u-178,167,0
u-178,168,0
u-178,429,0
u-178,430,0
u-178,431,1
u-178,432,1
u-179,165,1
u-179,166,0
u-179,167,1
u-179,168,1
u-179,429,1
u-179,430,1
u-179,431,1
u-179,432,0
u-180,165,1
u-180,166,1
u-180,167,0
u-180,168,1
u-180,429,1
u-180,430,0
u-180,431,0
u-180,432,0
u-214,165,0
u-214,166,1
u-214,167,1
u-214,168,0
u-214,429,0
u-214,430,0
u-214,431,0
u-214,432,0
u-215,165,1
u-215,166,1
u-215,167,0
u-215,168,1
u-215,429,1
u-215,430,1
u-215,431,1
u-215,432,0
u-216,165,0
u-216,166,0
u-216,167,1
u-216,168,0
u-216,429,1
u-216,430,1
u-216,431,1
u-216,432,1
u-250,165,1
u-250,166,0
u-250,167,1
u-250,168,0
u-250,429,1
u-250,430,1
u-250,431,0
u-250,432,0
u-251,165,1
u-251,166,1
u-251,167,1
u-251,168,1
u-251,429,0
u-251,430,0
u-251,431,0
u-251,432,1
u-252,165,1
u-252,166,1
u-252,167,1
u-252,168,1
u-252,429,1
u-252,430,1
u-252,431,0
u-252,432,1
u-286,165,0
u-286,166,1
u-286,167,1
u-286,168,0
u-286,429,0
u-286,430,1
u-286,431,1
u-286,432,1
u-287,165,1
u-287,166,0
u-287,167,0
u-287,168,1
u-287,429,1
u-287,430,0
u-287,431,1
u-287,432,0
u-288,165,0
u-288,166,0
u-288,167,0
u-288,168,1
u-288,429,0
u-288,430,1
u-288,431,1
u-288,432,1
u-322,165,1
u-322,166,0
u-322,167,1
u-322,168,0
u-322,429,0
u-322,430,0
u-322,431,1
u-322,432,0
u-323,165,1
u-323,166,0
u-323,167,1
u-323,168,1
u-323,429,0
u-323,430,1
u-323,431,1
u-323,432,0
u-324,165,0
u-324,166,0
u-324,167,0
u-324,168,1
u-324,429,1
u-324,430,1
u-324,431,1
u-324,432,0
u-358,165,0
u-358,166,1
u-358,167,1
u-358,168,0
u-358,429,1
u-358,430,1
u-358,431,1
u-358,432,1
u-359,165,1
u-359,166,1
u-359,167,0
u-359,168,0
u-359,429,0
u-359,430,1
u-359,431,1
u-359,432,1
u-360,165,1
u-360,166,1
u-360,167,0
u-360,168,0
u-360,429,0
u-360,430,0
u-360,431,1
u-360,432,1
u-394,165,0
u-394,166,0
u-394,167,0
u-394,168,1
u-394,429,1
u-394,430,0
u-394,431,0
u-394,432,0
u-395,165,0
u-395,166,1
u-395,167,0
u-395,168,0
u-395,429,1
u-395,430,0
u-395,431,0
u-395,432,0
u-396,165,1
u-396,166,1
u-396,167,1
u-396,168,1
u-396,429,0
u-396,430,1
u-396,431,1
u-396,432,0
u-430,165,0
u-430,166,0
u-430,167,1
u-430,168,1
u-430,429,1
u-430,430,0
u-430,431,1
u-430,432,0
u-431,165,1
u-431,166,1
u-431,167,1
u-431,168,0
u-431,429,1
u-431,430,0
u-431,431,0
u-431,432,0
u-432,165,1
u-432,166,0
u-432,167,1
u-432,168,0
u-432,429,0
u-432,430,1
u-432,431,0
u-432,432,0
u-466,165,1
u-466,166,1
u-466,167,0
u-466,168,0
u-466,429,1
u-466,430,0
u-466,431,0
u-466,432,1
u-467,165,1
u-467,166,0
u-467,167,0
u-467,168,0
u-467,429,1
u-467,430,0
u-467,431,0
u-467,432,0
u-468,165,1
u-468,166,1
u-468,167,0
u-468,168,0
u-468,429,1
u-468,430,1
u-468,431,1
u-468,432,0
